animal.num,Consumed,Yield,Counsumed.times,Total.Duration,DaysInMilk,Conductivity.LF,Conductivity.LR,Conductivity.RF,Conductivity.RR,lactation,month,age
2000,6.32,21.95,2,666,28,5.68,5.63,5.76,5.65,1,7,3.133105023
2000,6.1,21.52,3,482,29,5.82,5.95,6.11,5.91,1,7,3.135844749
2000,3.82,13.77,1,270,30,5.96,5.85,5.63,5.67,1,7,3.138584475
2004,0.98,1.75,1,611,1,5.47,5.9,4.51,4.51,1,7,3.119406393
2004,5.63,4.71,5,606,2,5.84,6.09,5.96,7.25,1,7,3.122146119
2004,7.95,10.53,4,893,3,5.69,6,5.63,7.15,1,7,3.124885845
2004,0.06,8.28,1,769,4,5.64,6.2,5.64,5.85,1,7,3.127625571
2004,7.58,10.14,4,490,5,5.79,5.86,6.32,6.08,1,7,3.130365297
2004,3.85,10.7,4,697,6,6.54,5.85,5.99,6.23,1,7,3.133105023
2007,0.74,7.11,1,318,1,0,6.63,6.43,6.36,1,6,3.012557078
2007,4.92,5.89,3,482,2,8.24,6.12,5.79,6.07,1,6,3.015296804
2007,2.4,12.12,1,457,4,8.15,6.61,6.94,6.2,1,6,3.020776256
2007,8.94,11.44,2,670,5,8.38,5.87,5.97,5.95,1,6,3.023515982
2007,9.8,13.82,2,1290,6,6.43,6,5.7,5.85,1,6,3.026255708
2007,3.63,15.86,3,790,7,6.57,5.69,5.82,5.7,1,6,3.028995434
2007,2.97,15.2,2,658,8,5.93,6.09,5.64,5.64,1,6,3.03173516
2007,3.83,10.52,2,377,9,6.28,5.85,5.75,5.59,1,6,3.034474886
2007,5.12,12.52,2,598,10,6.09,6.49,5.94,5.91,1,6,3.037214612
2007,4.96,12.77,2,441,11,6.39,6.12,6,5.92,1,6,3.039954338
2007,4.29,7.34,1,308,12,0,5.32,5.1,5.21,1,6,3.042694064
2007,4.14,13.51,2,509,13,7.05,5.96,5.83,5.73,1,6,3.04543379
2007,10,26.4,2,1966,14,6.19,5.8,5.7,5.53,1,6,3.048173516
2007,2.87,9.05,1,634,15,5.53,5.38,5.16,5.1,1,7,3.050913242
2007,3.02,13.69,1,423,16,5.63,5.52,5.49,5.54,1,7,3.053652968
2007,2.81,4.39,1,369,18,0,0,0,6.02,1,7,3.05913242
2007,3.06,8.98,1,453,19,5.9,6.41,6.32,0,1,7,3.061872146
2007,2.93,7.85,2,585,20,5.43,6.86,5.75,6.18,1,7,3.064611872
2007,5.79,9.89,2,945,21,0,0,5.95,5.65,1,7,3.067351598
2007,3.05,6.58,1,348,22,0,0,5.86,6.15,1,7,3.070091324
2007,3.02,10.94,1,468,23,0,7.17,5.9,5.85,1,7,3.07283105
2007,5.63,15.01,2,771,24,5.78,6.39,5.48,5.48,1,7,3.075570776
2007,2.29,13.38,1,668,25,6.11,6.31,5.47,5.69,1,7,3.078310502
2007,5.8,18.59,2,1112,26,6.28,6.34,5.53,5.54,1,7,3.081050228
2007,5.82,21.77,2,1652,27,0,5.82,5.37,5.53,1,7,3.083789954
2007,6.95,21.71,2,1766,28,5.43,5.1,5.05,5.15,1,7,3.08652968
2007,7.32,18.9,4,1100,29,5.26,5.26,5.05,5.15,1,7,3.089269406
2007,5.31,16.27,2,708,30,5.53,5.42,5.42,5.53,1,7,3.092009132
2007,5.28,19.01,2,1104,31,5.78,5.53,5.65,5.48,1,7,3.094748858
2007,7.46,23.43,4,1191,32,5.53,5.31,5.27,5.38,1,7,3.097488584
2007,2.83,10.06,2,381,33,5.68,5.48,5.22,5.26,1,7,3.100228311
2007,10.22,30.37,4,1927,34,6.08,5.76,5.78,5.91,1,7,3.102968037
2007,7.53,15.2,2,1994,35,5.43,5.8,5.53,5.37,1,7,3.105707763
2007,3.95,21.46,1,974,36,5.7,6.77,5.59,5.8,1,7,3.108447489
2007,8.29,16.06,3,1676,37,6.05,5.51,5.15,5.54,1,7,3.111187215
2007,5.49,20.42,3,921,38,5.28,5.42,5.05,5.37,1,7,3.113926941
2007,5.88,18.53,2,1868,39,5.42,5.47,5.21,5.37,1,7,3.116666667
2007,5.88,19.5,2,2188,40,5.86,5.32,5.26,5.37,1,7,3.119406393
2007,5.46,20.18,2,996,41,5.71,5.37,5.42,5.32,1,7,3.122146119
2007,3.54,11.01,2,788,42,5.68,5.31,5.21,5.15,1,7,3.124885845
2010,1.61,10.25,1,422,1,6.31,6.49,5.79,6.35,1,7,3.176940639
2010,3.18,6.6,2,83,5,6.61,6.75,6.27,6.45,1,7,3.187899543
2010,7.06,14.04,3,415,6,6.68,7.28,6.77,6.81,1,7,3.190639269
2010,3.17,12.45,1,1694,7,6.64,6.72,6.11,6.64,1,7,3.193378995
2010,3.95,14.3,2,333,8,6.75,7.07,6.4,6.88,1,7,3.196118721
2010,5.11,14.97,3,331,9,6.55,6.97,6.78,6.88,1,7,3.198858447
2010,5.16,16.52,3,609,10,6.61,7.15,6.73,6.66,1,7,3.201598174
2010,4.84,14.82,2,369,11,6.64,7.58,6.68,6.93,1,7,3.2043379
2010,4.53,16.78,2,373,12,6.82,6.96,6.31,6.71,1,7,3.207077626
2010,4.25,15.12,2,628,13,6.89,7.09,6.49,6.77,1,7,3.209817352
2010,5.96,17.12,3,420,14,6.99,7.17,6.93,7.02,1,7,3.212557078
2010,5.1,17.59,3,759,15,6.53,6.86,6.7,6.71,1,7,3.215296804
2010,5.22,19.84,3,383,16,6.63,6.64,6.45,6.86,1,7,3.21803653
2010,5.12,19.06,4,468,17,6.59,6.66,6.54,6.61,1,7,3.220776256
2010,5.09,19.32,2,487,18,6.36,6.57,6.11,6.68,1,7,3.223515982
2010,5.03,18.48,2,969,19,6.63,6.57,6.31,6.46,1,7,3.226255708
2010,4.83,18.25,2,797,20,6.46,6.39,6.45,6.34,1,7,3.228995434
2015,2.93,6.85,1,274,1,9.03,7.47,7.47,8.11,1,7,2.946803653
2015,7.49,6.14,3,632,2,7.47,8.24,7.36,7.39,1,7,2.949543379
2015,4.8,9.62,2,566,3,6.42,6.26,6.68,5.42,1,7,2.952283105
2015,7.25,14.67,3,897,4,6.68,6.12,6.28,6.02,1,7,2.955022831
2015,6.57,12.5,2,388,5,6.49,6.42,6.31,6.61,1,7,2.957762557
2015,7.46,13.86,3,688,6,6.42,6.48,6.54,6.34,1,7,2.960502283
2015,7.99,14.03,2,1029,7,6.47,6.72,6.27,6.18,1,7,2.963242009
2015,11.32,10.87,4,531,8,6.57,6.02,6.12,6.12,1,7,2.965981735
2015,10.12,18.48,3,879,9,6.28,6.15,6.03,5.79,1,7,2.968721461
2015,5.14,18.65,2,855,10,6.48,6.35,6.48,5.81,1,7,2.971461187
2015,5.47,19.93,2,761,11,6.34,6.16,6.3,6.2,1,7,2.974200913
2015,5.46,19.29,2,1005,12,6.52,6.18,6.39,5.98,1,7,2.976940639
2015,5.2,21.36,2,1807,13,6.11,6.23,6.02,5.85,1,7,2.979680365
2015,4.85,18.71,3,964,14,6.42,6.18,6,6.12,1,7,2.982420091
2015,6.84,23.64,3,940,15,6.31,6.1,6.34,6.18,1,7,2.985159817
2015,6.46,21.77,2,725,16,6.7,6.34,6.43,6.39,1,7,2.987899543
2015,6.38,20.7,3,1336,17,6.44,6.42,6.18,6.23,1,7,2.990639269
2015,11.95,30.96,4,1539,18,6.59,6.03,6.16,6.22,1,7,2.993378995
2015,5.45,16.7,2,511,19,6.02,5.93,5.86,5.9,1,7,2.996118721
2015,5.42,17.47,2,686,20,5.89,5.69,5.55,5.57,1,7,2.998858447
2015,4.73,13.99,1,388,21,6.36,6.02,5.94,5.89,1,7,3.001598174
2015,8.58,23.99,5,939,22,6.16,6.14,6,5.94,1,7,3.0043379
2015,4.14,13.87,1,505,23,5.78,5.69,5.81,5.7,1,7,3.007077626
2016,2.92,2.66,1,174,1,5.57,7.31,7.14,7.11,1,5,2.765981735
2016,4.18,0.03,1,32,2,0,0,0,0,1,5,2.768721461
2016,3.4,7.98,1,501,3,5.78,6.28,5.85,6.39,1,5,2.771461187
2016,0.02,0.26,1,35,7,0,0,0,0,1,5,2.782420091
2016,3.94,1.63,1,53,15,4.73,5.37,5.21,5.38,1,5,2.8043379
2016,4.54,1.24,1,49,21,4.58,5.16,4.99,4.99,1,5,2.820776256
2016,3,1.14,1,50,22,4.51,4.94,4.36,4.84,1,5,2.823515982
2016,3.06,1.17,1,42,25,0,4.89,4.63,4.89,1,5,2.83173516
2016,3.04,2.05,1,82,26,4.67,5.26,5.26,5.26,1,5,2.834474886
2016,5.16,7.05,2,242,27,4.94,5.15,5.26,5.26,1,6,2.837214612
2016,5.23,8.1,2,277,28,5.36,5.3,5.21,5.53,1,6,2.839954338
2016,5.4,8.29,3,239,29,5.15,5.48,5.42,5.42,1,6,2.842694064
2016,5.46,7.83,3,206,30,5.43,5.97,5.9,5.79,1,6,2.84543379
2016,5.87,8.73,3,261,31,5.05,5.47,5.15,5.49,1,6,2.848173516
2016,3.02,4.83,1,94,32,4.61,5.1,4.94,5.26,1,6,2.850913242
2016,3.82,8.75,2,222,33,5.16,5.85,5.59,5.86,1,6,2.853652968
2016,4.3,8.09,3,383,34,5.21,5.64,5.79,5.59,1,6,2.856392694
2016,4.92,5.52,2,230,35,5.15,5.59,5.11,5.42,1,6,2.85913242
2016,6.05,3.59,2,327,37,6.03,5.47,5.69,5.93,1,6,2.864611872
2016,5.37,5.07,3,562,38,5.21,5.92,5.74,5.89,1,6,2.867351598
2016,5.63,6.86,3,798,39,0,5.91,5.8,5.86,1,6,2.870091324
2016,10.27,4.83,4,553,40,0,5.52,0,5.54,1,6,2.87283105
2016,4.79,9.03,2,679,41,5.89,5.78,5.49,5.69,1,6,2.875570776
2016,8.36,7.07,2,668,42,4.94,5.53,5.22,5.31,1,6,2.878310502
2016,4.84,8.85,2,617,43,5.96,5.47,5.26,5.32,1,6,2.881050228
2016,2.95,9.2,2,1154,44,5.47,0,5.47,5.27,1,6,2.883789954
2016,3,5.5,1,191,45,5.52,5.42,5.22,5.26,1,6,2.88652968
2016,3.07,1.78,1,199,46,5.21,4.58,4.68,0,1,6,2.889269406
2016,3.04,5.11,1,302,47,0,6.02,5.63,5.59,1,6,2.892009132
2030,0.03,2.55,1,188,1,8.07,10.45,7.89,0,1,5,2.705707763
2030,0.21,2.03,1,336,2,7.36,0,7.33,0,1,5,2.708447489
2030,4.53,3.06,2,301,3,6.42,0,6.06,0,1,5,2.711187215
2030,5.37,5.92,2,218,4,6.91,6.75,6.57,6.23,1,5,2.713926941
2030,0.62,4.77,1,123,5,6.32,6.01,6.14,6.02,1,5,2.716666667
2030,3.9,2.47,1,82,8,6.23,0,5.63,0,1,5,2.724885845
2030,6.22,4.55,2,137,9,6.04,5.68,5.84,5.26,1,5,2.727625571
2030,0.56,3.42,1,168,10,5.32,0,5.75,0,1,5,2.730365297
2030,5.94,3.8,1,115,11,5.6,0,5.26,0,1,5,2.733105023
2030,6.14,5.3,1,210,12,5.43,4.99,5.32,4.53,1,5,2.735844749
2030,6.12,5.24,1,199,13,5.48,5.42,5.75,0,1,5,2.738584475
2030,6.14,8.83,2,311,14,5.91,5.75,5.79,0,1,5,2.741324201
2030,6.22,15.82,1,1020,15,0,0,6.03,0,1,6,2.744063927
2030,6.84,11.62,2,127,16,5.7,5.53,5.53,5.37,1,6,2.746803653
2030,3.05,18.18,1,914,17,6.24,6.12,5.91,5.48,1,6,2.749543379
2030,6.03,14.81,2,725,18,6.05,5.82,5.85,5.7,1,6,2.752283105
2030,2.98,12.49,2,320,21,6.09,0,4.78,6.5,1,6,2.760502283
2030,3.01,7.47,1,1184,22,5.98,6.08,5.9,0,1,6,2.763242009
2030,5.9,15.11,2,451,23,5.9,5.05,6.02,5.69,1,6,2.765981735
2030,1.96,14.63,1,387,24,5.85,5.89,5.72,5.69,1,6,2.768721461
2030,3,11.61,1,177,25,5.75,5.68,5.97,5.68,1,6,2.771461187
2030,3.04,10.92,1,661,26,5.42,5.32,5.48,5.21,1,6,2.774200913
2030,3.02,14.04,1,222,27,5.68,5.46,5.47,5.53,1,6,2.776940639
2030,3.02,5.89,1,685,31,0,8.73,0,6.95,1,6,2.787899543
2030,3.02,1.59,1,308,32,0,0,6.79,5.05,1,6,2.790639269
2030,3.02,7.84,1,182,33,6.53,5.84,5.99,5.69,1,6,2.793378995
2030,2.92,13.42,1,276,34,6.63,6.18,5.85,6.07,1,6,2.796118721
2030,2.82,9.78,1,374,35,6.07,5.69,6,5.64,1,6,2.798858447
2030,3.02,11.04,1,688,36,5.99,5.91,0,0,1,6,2.801598174
2030,5.61,14.91,2,632,37,6.12,6.39,6.11,5.54,1,6,2.8043379
2030,3.04,8.23,2,705,38,5.53,5.69,0,5.1,1,6,2.807077626
2030,0.98,10.9,1,1159,39,5.53,5.42,5.43,7.23,1,6,2.809817352
2030,2.82,8.24,1,438,40,5.47,5.16,5.53,6.07,1,6,2.812557078
2030,2.92,11.62,1,922,41,5.52,0,5.6,0,1,6,2.815296804
2030,3.83,11.35,2,2137,42,5.63,5.76,5.9,7.09,1,6,2.81803653
2030,4.77,10.18,2,418,43,5.55,5.71,5.94,7.92,1,6,2.820776256
2030,2.78,3.94,1,197,44,5.54,0,5.64,0,1,6,2.823515982
2030,2.46,10.51,1,372,45,5.64,6.48,5.76,7.52,1,7,2.826255708
2030,3,12.04,1,259,46,6.03,5.9,6.14,8.22,1,7,2.828995434
2030,2.46,10.82,1,714,47,0,5.48,5.86,7.36,1,7,2.83173516
2030,4.36,9.59,1,295,48,5.7,5.47,5.81,7.65,1,7,2.834474886
2030,5.39,11.04,1,543,50,6.18,5.94,6.3,8.99,1,7,2.839954338
2030,9.76,14.51,2,450,51,6.61,6.45,7.72,8.64,1,7,2.842694064
2030,4.49,12.9,3,477,52,6.57,6.07,6.28,8.74,1,7,2.84543379
2030,5.33,14.43,2,677,53,6,5.89,6.11,0,1,7,2.848173516
2030,5.32,14.14,2,516,54,6.09,5.95,6.32,7.89,1,7,2.850913242
2030,3.01,14.98,1,550,55,5.88,5.91,6.08,6.77,1,7,2.853652968
2030,10.5,22.04,3,1493,56,5.98,5.4,5.93,8.01,1,7,2.856392694
2030,4.96,10.96,1,243,57,6.07,6.68,5.94,6.39,1,7,2.85913242
2030,10.04,15.9,4,782,58,7.78,6.59,6.7,6.63,1,7,2.861872146
2030,3,7.34,1,217,59,0,6.7,6.2,5.98,1,7,2.864611872
2030,3.01,12.39,1,271,60,8.13,5.37,6.06,5.8,1,7,2.867351598
2030,6.02,20,2,1070,61,6.34,5.69,6.06,5.7,1,7,2.870091324
2030,2.86,6.88,1,128,62,6.15,5.53,5.66,5.78,1,7,2.87283105
2030,3.01,12.64,1,725,63,6.55,5.74,5.89,6.04,1,7,2.875570776
2030,3.02,12.12,1,206,64,6.06,5.58,5.76,6.18,1,7,2.878310502
2030,3.04,11.61,1,293,65,6.64,6.23,6.27,7.02,1,7,2.881050228
2030,3.89,10.95,1,318,66,6.02,5.9,6.28,6.86,1,7,2.883789954
2030,3.04,9.27,1,171,67,5.85,5.69,6.12,5.97,1,7,2.88652968
2030,2.95,11.38,1,207,68,6.02,5.57,5.78,5.96,1,7,2.889269406
2030,2.88,9.91,1,316,69,5.69,5.42,5.65,6.52,1,7,2.892009132
2030,3.02,10.97,1,351,70,6.15,6.1,5.9,5.85,1,7,2.894748858
2030,2.78,11.11,1,1247,71,6.4,5.91,5.95,6.22,1,7,2.897488584
2030,2.86,10.71,1,710,72,6.47,5.91,6.05,5.94,1,7,2.900228311
2033,3.02,7.77,1,392,1,6.08,6,5.97,7.65,1,7,2.823515982
2033,7.3,11.76,2,693,2,5.64,5.89,5.54,6.05,1,7,2.826255708
2033,4.76,11.9,1,662,3,5.73,6.26,6.41,6.55,1,7,2.828995434
2033,6.9,12.64,2,707,4,5.77,5.69,6.05,6.19,1,7,2.83173516
2033,7.03,14.31,2,679,5,5.57,5.75,5.81,6.1,1,7,2.834474886
2033,7.25,14.37,3,690,6,5.6,5.63,5.95,5.69,1,7,2.837214612
2033,7.82,15.38,2,677,7,5.53,5.7,5.74,5.73,1,7,2.839954338
2033,10.3,15.63,2,522,8,5.32,5.47,5.43,5.53,1,7,2.842694064
2033,10.09,16.09,4,738,9,5.42,5.49,5.26,5.69,1,7,2.84543379
2033,5.22,17.27,3,728,10,5.47,5.7,5.69,5.52,1,7,2.848173516
2033,5.65,17.67,2,660,11,5.7,5.85,5.69,5.91,1,7,2.850913242
2033,5.38,18.6,2,867,12,5.49,5.8,5.85,5.59,1,7,2.853652968
2033,5.12,19.65,2,816,13,5.36,5.69,5.71,5.7,1,7,2.856392694
2033,4.61,18.16,2,852,14,5.85,5.99,5.74,6.02,1,7,2.85913242
2033,5.99,20.73,2,720,15,5.76,6.32,5.89,5.96,1,7,2.861872146
2033,6.11,19.63,4,577,16,5.53,6.2,5.8,5.81,1,7,2.864611872
2033,6.38,19.9,3,919,17,5.65,5.91,5.8,5.97,1,7,2.867351598
2033,5.2,21.87,3,693,18,5.75,5.9,6.12,6.27,1,7,2.870091324
2033,5.18,22.62,2,664,19,5.57,5.64,5.97,5.85,1,7,2.87283105
2033,4.94,20.77,3,681,20,5.59,5.76,5.59,5.79,1,7,2.875570776
2033,4.84,20.49,3,1022,21,5.27,5.58,5.52,5.85,1,7,2.878310502
2033,4.91,22.03,4,1435,22,5.43,5.56,5.37,5.63,1,7,2.881050228
2033,5,22.59,2,899,23,5.49,5.69,5.63,5.68,1,7,2.883789954
2036,4.94,3.22,2,694,1,7.47,6.44,6.86,6.88,1,7,2.853652968
2036,5.27,4.83,2,700,2,6.34,5.36,5.97,6.1,1,7,2.856392694
2036,5.88,7.99,3,637,3,5.43,5.91,5.42,6.93,1,7,2.85913242
2036,2.15,7.69,1,460,4,6.59,0,6.59,6.23,1,7,2.861872146
2036,8.4,11.13,3,485,5,2.41,6.43,5.95,5.75,1,7,2.864611872
2036,1.74,10.27,1,1420,6,5.21,5.9,5.59,6.09,1,7,2.867351598
2036,2.81,11.62,2,510,7,5.49,5.72,5.37,5.71,1,7,2.870091324
2036,6.22,13.11,3,513,8,5.84,5.42,5.69,6.15,1,7,2.87283105
2036,3.46,14.9,2,1012,9,5.79,5.85,5.43,5.75,1,7,2.875570776
2042,0.03,4.7,2,1943,1,6.34,6.5,4.14,6.57,1,7,2.842694064
2075,4.56,7.4,3,1062,1,6.08,5.16,6.12,6.45,1,7,2.437214612
2075,3.67,2.85,2,1302,2,0,4.99,5.98,0,1,7,2.439954338
6724,1.2,19.64,1,709,1,8.34,7.81,12.76,8.27,9,10,13.20707763
6724,4.65,17.35,3,927,2,8.15,8.27,11.22,9.2,9,10,13.20981735
6724,4.78,19.2,3,896,3,8.47,8.4,0,11,9,10,13.21244292
6724,5.72,21.67,3,1102,4,7.96,7.84,11.48,9.56,9,10,13.21518265
6724,7.49,21.15,2,676,5,7.96,7.16,9.01,7.98,9,10,13.21792237
6724,8,25.21,3,656,6,7.76,7.98,9.1,9.03,9,10,13.2206621
6724,6.46,28.97,2,843,7,8.15,7.64,9.08,8.44,9,10,13.22340183
6724,7.21,30.48,2,913,8,7.31,7.47,8.85,8.04,9,10,13.22614155
6724,8.7,26.68,3,870,9,7.31,7.17,8.57,7.39,9,10,13.22888128
6724,5.06,20.14,1,402,10,7.96,7.97,9.99,8.7,9,10,13.231621
6724,7.04,26.58,3,1456,11,7.41,7.81,8.24,7.95,9,10,13.23436073
6724,3.5,18.99,1,428,12,7.68,8.15,9.66,8.47,9,10,13.23710046
6724,9.05,27.76,3,1103,13,7.74,8.03,8.84,8.01,9,10,13.23984018
6724,3.5,24.06,1,1467,14,7.52,0,7.94,7.31,9,10,13.24257991
6724,8.54,17.88,3,373,15,7.73,7.98,8.5,8.01,9,10,13.24531963
6724,9.7,24.45,3,1438,16,7.47,7.78,8.34,7.63,9,10,13.24805936
6724,4.57,12.82,1,636,17,7.95,8.15,8.36,7.63,9,10,13.25079909
6724,7.03,31.58,2,852,18,7.93,7.74,8.49,7.31,9,10,13.25353881
6724,7.34,25.79,3,803,19,7.41,7.52,8.11,7.22,9,10,13.25627854
6724,3.56,14.28,1,294,20,8.13,7.76,8.56,7.79,9,10,13.25901826
6724,9.48,35.48,4,2195,21,7.76,7.52,7.76,7.26,9,10,13.26175799
6724,3.56,17.05,1,460,22,8.04,7.36,8.06,7.58,9,10,13.26449772
6724,9.38,37.97,4,1156,23,7.33,7.36,7.6,7.17,9,10,13.26723744
6724,3.12,11.26,1,637,24,7.04,6.75,7.05,6.93,9,10,13.26997717
6724,3.5,19.47,1,513,25,7.44,6.92,7.68,7.52,9,10,13.27271689
6724,3.53,20.76,1,544,26,7.55,7.25,8.06,7.52,9,10,13.27545662
6724,6.52,25.03,2,777,27,7.8,8.17,8.61,8.01,9,10,13.27819635
6724,3.56,14.41,1,401,28,7.29,7.15,8.2,7.2,9,10,13.28093607
6724,5.44,24.12,3,1490,29,7.17,0,7.66,7.66,9,10,13.2836758
6724,3.53,16.97,1,407,30,7.44,7.07,7.6,7.2,9,11,13.28641553
6724,6.13,32.08,2,916,31,7.36,7.36,8.06,7.33,9,11,13.28915525
6724,6.86,20.61,3,1378,32,7.49,0,7.77,7.49,9,11,13.29189498
6724,6.47,26.68,2,899,33,7.3,6.95,7.23,6.91,9,11,13.2946347
6724,3.51,15.03,1,394,34,7.31,7.28,7.6,6.93,9,11,13.29737443
6724,4.77,21.91,2,737,35,7.1,7.11,7.77,7.04,9,11,13.30011416
6724,6.39,33.83,3,1348,36,7.74,7.26,7.76,7.22,9,11,13.30285388
6724,5.55,28.05,2,845,37,7.74,7.84,8.24,7.71,9,11,13.30559361
6724,3.54,15.27,1,348,38,7.63,7.2,7.76,7.15,9,11,13.30833333
6724,7.49,26.82,3,729,39,7.31,7.2,8.13,7.11,9,11,13.31107306
6724,2.78,19.43,1,395,40,7.41,8.04,7.99,7.36,9,11,13.31381279
6724,8.88,30.29,2,1105,41,7.78,7.41,8.27,7.31,9,11,13.31655251
6724,6.8,27.46,2,779,42,7.44,7.01,7.73,7.47,9,11,13.31929224
6724,5.79,20.67,3,614,43,7.63,6.95,7.65,7.02,9,11,13.32203196
6724,3.3,18.11,2,1043,44,7.58,6.9,7.39,5.95,9,11,13.32477169
6724,7.06,31.7,2,1593,45,6.89,6.55,7.03,6.91,9,11,13.32751142
6724,4.57,21.8,3,536,46,7.55,7.36,7.77,7.55,9,11,13.33025114
6724,3.54,18.91,1,455,47,7.47,7.06,7.28,7.41,9,11,13.33299087
6724,6.71,32.64,2,768,48,7.36,7.87,7.89,7.68,9,11,13.33573059
6724,3.75,15.16,2,1584,49,8.19,8.04,8.28,7.84,9,11,13.33847032
6724,7.92,24.76,3,628,50,7.36,6.98,7.97,7.17,9,11,13.34121005
6724,3.56,15.32,1,462,51,7.52,7.36,8.09,7.44,9,11,13.34394977
6724,6.98,26.46,3,1189,52,7.15,6.73,7.55,7.09,9,11,13.3466895
6724,3.56,17.82,1,426,53,7.91,7.21,8.08,7.39,9,11,13.34942922
6724,4.01,15.11,2,358,54,7.1,6.77,7.44,6.89,9,11,13.35216895
6724,6.82,26.51,2,879,55,7.52,7.02,8.91,7.31,9,11,13.35490868
6724,3.53,18.25,1,481,56,8.03,7.44,9.57,8.05,9,11,13.3576484
6724,6.61,27.83,3,724,57,7.69,7.21,7.98,7.49,9,11,13.36038813
6724,3.56,19.25,1,762,58,8.27,8.17,8.76,8.31,9,11,13.36312785
6724,6.18,22.46,3,611,59,7.76,7.44,8.19,7.73,9,11,13.36586758
6724,7.18,26.85,4,732,60,7.95,7.95,8.82,7.93,9,12,13.36860731
6724,3.53,14.3,1,489,62,8.36,7.31,9.94,8.6,9,12,13.37408676
6724,9.46,29.88,3,1261,63,8.02,7.87,8.58,8.54,9,12,13.37682648
6724,3.56,15.07,1,380,64,7.77,7.69,7.77,8.4,9,12,13.37956621
6724,3.44,19.68,1,510,65,7.47,7.55,7.76,7.52,9,12,13.38230594
6724,3.54,16.61,1,357,66,6.71,7.09,7.6,7.68,9,12,13.38504566
6724,7.01,26.75,3,820,67,7.29,7.47,7.88,8.01,9,12,13.38778539
6724,3.31,17.7,2,445,68,7.89,7.63,8.33,7.57,9,12,13.39052511
6724,3.06,17.52,1,512,69,7.95,7.88,8.73,8.44,9,12,13.39326484
6724,3.53,21.59,1,572,70,7.89,7.67,8.77,8.17,9,12,13.39600457
6724,3.51,13.8,1,336,71,7.67,7.66,8.2,8.27,9,12,13.39874429
6724,3.27,16.34,2,404,72,8.06,7.77,8.26,8.11,9,12,13.40148402
6724,3.5,17.23,1,2065,73,7.52,0,8.19,7.71,9,12,13.40422374
6724,3.56,10.52,1,318,74,7.55,7.66,8.88,8.47,9,12,13.40696347
6724,3.51,17.6,2,523,75,7.41,7.37,7.97,7.17,9,12,13.4097032
6724,3.54,17.55,1,434,76,7.63,7.9,8.24,7.79,9,12,13.41244292
6724,3.5,15.93,1,421,77,6.98,7.84,8.97,7.88,9,12,13.41518265
6724,3.5,16.82,1,558,78,7.42,7.99,9.66,8.47,9,12,13.41792237
6724,3.56,15.77,1,518,79,7.15,7.36,8.76,7.9,9,12,13.4206621
6724,7.04,10.71,3,225,80,7.25,7.71,7.99,8.12,9,12,13.42340183
6724,3.51,17.57,1,449,82,7.74,7.58,8.31,7.6,9,12,13.42888128
6724,7.04,23.91,2,1145,83,6.75,7.04,7.28,7.36,9,12,13.431621
6724,4.7,9.57,3,291,90,7.19,6.5,6.91,6.82,9,12,13.45079909
6724,6.43,25.27,2,940,91,6.89,7.7,7.3,7.22,9,1,13.45353881
6724,4.54,16.65,1,440,92,7.25,7.07,7.23,7.2,9,1,13.45627854
6724,4,18.31,1,439,93,7.25,7.36,7.6,7.49,9,1,13.45901826
6724,4.57,19.45,1,403,94,7.6,7.14,7.6,7.49,9,1,13.46175799
6724,4.52,18.74,1,392,95,7.02,6.74,7.65,7.74,9,1,13.46449772
6724,4.15,17.87,1,380,96,6.84,7.05,8.46,8.15,9,1,13.46723744
6724,4.27,18.75,1,448,97,6.97,7.81,7.73,7.79,9,1,13.46997717
6724,4.57,18.35,2,410,98,7.3,7.93,7.73,7.58,9,1,13.47271689
6724,4.69,17.11,1,400,99,6.97,7.93,7.47,7.47,9,1,13.47545662
6724,8.61,26.53,2,1387,100,7.36,7.26,7.8,7.77,9,1,13.47819635
6724,4.53,16.14,1,962,101,7.95,8.27,8.97,8.06,9,1,13.48093607
6724,6.5,29.88,3,1116,102,8.51,8.14,7.87,8.11,9,1,13.4836758
6724,7.1,16.79,2,343,103,8.03,7.97,7.81,8.17,9,1,13.48641553
6724,4.54,14.95,1,347,104,7.13,7.36,7.77,7.31,9,1,13.48915525
6724,4.53,18.87,2,620,105,7.25,7.36,7.65,6.98,9,1,13.49189498
6724,8.88,30.82,2,712,106,7.66,7.76,7.93,8.17,9,1,13.4946347
6724,4.06,9.76,1,225,107,6.91,7.07,6.82,7.2,9,1,13.49737443
6724,8.9,33.9,2,846,108,7.34,7.29,7.6,7.25,9,1,13.50011416
6724,4.51,16.45,1,380,109,7.44,7.77,7.87,7.73,9,1,13.50285388
6724,4.29,13.56,1,341,110,7.05,6.99,7.52,7.39,9,1,13.50559361
6724,4.52,13.53,1,561,111,7.47,7.04,7.71,7.01,9,1,13.50833333
6724,8.88,24.66,2,705,112,8.33,8.17,8.19,7.98,9,1,13.51107306
6724,4.46,13.35,1,193,113,8.65,8.17,8.13,8.26,9,1,13.51381279
6724,4.49,17.45,2,362,114,7.73,7.15,7.38,7.1,9,1,13.51655251
6724,4.64,6.35,2,155,117,8.06,6.8,7.65,6.71,9,1,13.52477169
6724,4.18,8.29,1,303,118,7.87,7.11,0,0,9,1,13.52751142
6724,4.46,5.72,1,238,120,6.89,6.71,6.88,6.42,9,1,13.53299087
6724,9.08,29.12,3,737,121,7.36,7.15,8.02,7.28,9,1,13.53573059
6724,4.48,19.17,1,432,122,7.49,6.86,7.78,8.06,9,2,13.53847032
6724,4.5,17.79,2,488,123,6.98,7.47,7.88,8.05,9,2,13.54121005
6724,8.83,21.77,2,641,124,8.2,8.17,7.79,8.54,9,2,13.54394977
6724,4.45,17.71,1,337,125,7.99,7.68,7.99,7.84,9,2,13.5466895
6724,4.31,15.94,1,403,126,6.89,7.42,7.23,7.41,9,2,13.54942922
6724,4.47,1.19,1,67,127,0,0,0,6.77,9,2,13.55216895
6724,3.97,4.95,1,195,129,6.73,6.78,6.82,6.45,9,2,13.5576484
6724,4.42,5.12,1,285,130,6.93,7.04,7.07,6.41,9,2,13.56038813
6724,4.43,5.42,2,217,131,6.86,7.02,6.92,7.04,9,2,13.56312785
6724,4.38,5.77,1,292,132,6.95,7.36,7.33,7.28,9,2,13.56586758
6724,7.76,24.11,2,716,133,7.42,7.63,7.89,8.33,9,2,13.56860731
6724,8.13,20.85,2,517,134,7.36,8.1,7.47,7.84,9,2,13.57134703
6724,4.18,11.93,1,299,135,7.19,7.16,6.96,7.33,9,2,13.57408676
6724,7.93,23.54,2,658,136,7.36,7.6,7.58,7.6,9,2,13.57682648
6724,3.73,13.32,2,343,137,7.26,7.31,7.44,7.79,9,2,13.57956621
6724,8.03,21.38,3,1073,138,7.2,7.66,8.08,7.73,9,2,13.58230594
6724,4,15.67,2,344,139,7.69,8.5,7.99,8.06,9,2,13.58504566
6724,5.32,7.98,4,498,140,7.52,0,7.31,7.29,9,2,13.58778539
6724,4.26,13.83,1,297,141,7.23,7.3,7.03,7.25,9,2,13.59052511
6724,4.29,9.74,1,323,142,0,7.71,8.44,7.81,9,2,13.59326484
6724,8.21,16.9,2,702,143,8.6,8.9,9.23,9.25,9,2,13.59600457
6724,4.28,14.39,1,275,144,7.9,7.9,8.27,8.31,9,2,13.59874429
6724,2.39,14.11,1,410,145,8.22,8.22,8.45,8.53,9,2,13.60148402
6724,4.26,4.63,1,293,146,7.79,7.41,8.03,0,9,2,13.60422374
6724,4.22,4.73,2,242,147,7.16,6.7,0,7.04,9,2,13.60696347
6724,4.25,4.73,1,223,148,7.87,7.75,7.6,0,9,2,13.6097032
6724,4.22,4.75,1,178,149,7.25,7.17,9.08,7.28,9,2,13.61244292
6724,4,4.67,2,125,151,8.29,7.73,9.36,7.55,9,3,13.61792237
6724,4,5.4,1,161,152,7.52,7.26,8.95,7.33,9,3,13.6206621
6724,4,4.06,1,219,153,7.05,6.63,8.44,6.61,9,3,13.62340183
6724,4.25,4.37,1,166,154,7.09,6.59,7.68,6.51,9,3,13.62614155
6724,4,3.97,1,144,155,7.1,6.66,8.22,6.42,9,3,13.62888128
6724,4.23,3.67,1,169,156,7.04,6.42,8.15,6.66,9,3,13.631621
6724,4.29,4.13,1,165,157,7.03,6.54,7.81,6.59,9,3,13.63436073
6724,4.25,3.74,1,151,158,7.36,6.7,7.71,6.64,9,3,13.63710046
6724,4,4.24,1,114,159,7.03,6.5,7.77,6.77,9,3,13.63984018
6724,4.21,3.61,1,142,160,7.31,6.73,8.02,7.06,9,3,13.64257991
6724,4.08,3.48,1,114,161,7.11,6.7,7.36,6.82,9,3,13.64531963
6724,4.16,3.98,1,162,162,7.12,6.64,7.39,6.71,9,3,13.64805936
6724,3.8,3.3,1,168,163,7.21,6.63,6.94,0,9,3,13.65079909
6724,8.28,15.48,2,681,164,7.96,0,7.98,7.47,9,3,13.65353881
6724,7.49,16.36,2,662,165,8.1,8.27,7.83,7.58,9,3,13.65627854
6724,7.71,15.82,2,548,166,7.74,7.37,7.33,7.65,9,3,13.65901826
6724,4,7.14,1,309,167,7.15,7.28,6.91,7.25,9,3,13.66175799
6724,3.95,12.92,1,344,168,7.39,7.28,7.44,7.05,9,3,13.66449772
6724,7.36,17.07,2,522,169,7.25,7.41,7.26,7.36,9,3,13.66723744
6724,7.33,16.37,2,482,170,7.25,7.36,7.25,7.39,9,3,13.66997717
6724,8.11,18.74,4,573,171,7.31,7.21,7.07,7.41,9,3,13.67271689
6724,4.06,9.31,1,260,172,7.55,6.89,7.05,7.25,9,3,13.67545662
6724,7.97,16.98,3,586,173,7.22,6.92,7.05,7.41,9,3,13.67819635
6724,8.08,22.09,2,639,174,7.44,7.01,7.65,6.99,9,3,13.68093607
6724,7.21,19.69,2,709,175,7.47,7.16,7.28,7.31,9,3,13.6836758
6724,3.96,10.87,1,261,176,7.67,6.89,7.15,7.36,9,3,13.68641553
6724,7.83,16.08,2,701,177,7.01,6.64,6.84,7.03,9,3,13.68915525
6724,8.07,22.05,2,1076,178,7.32,6.96,6.94,7.15,9,3,13.69189498
6724,3.89,10.31,1,439,179,7.61,6.68,7.1,7.47,9,3,13.6946347
6724,7.8,19.5,2,551,180,7.52,7.05,7.58,7.36,9,3,13.69737443
6724,4.05,12.11,2,431,181,7.52,7.04,7.33,6.99,9,3,13.70011416
6724,4.05,12.06,1,412,182,7.03,6.71,6.91,6.88,9,4,13.70285388
6724,6.68,11.78,3,601,183,7.17,6.75,6.73,6.82,9,4,13.70559361
6724,4.29,11.78,1,261,184,7.47,7.87,7.57,7.58,9,4,13.70833333
6724,8.36,17.82,2,849,185,7.31,6.93,7.27,6.89,9,4,13.71118721
6724,4,8.76,1,223,186,7.9,7.65,7.49,7.74,9,4,13.71392694
6724,7.82,16.74,2,467,187,7.76,7.52,7.34,7.52,9,4,13.71666667
6724,4.31,10.49,2,727,188,0,6.9,0,0,9,4,13.71940639
6724,8.25,14.59,3,507,189,7.28,6.86,6.63,7.04,9,4,13.72214612
6724,8.27,16.65,3,473,190,7.31,6.92,7.06,7.02,9,4,13.72488584
6724,4.24,9.51,1,660,191,7.18,6.93,7.06,7.04,9,4,13.72762557
6724,8.57,16.39,2,548,192,6.98,6.68,6.79,6.78,9,4,13.7303653
6724,4.27,8.9,1,220,193,7.58,6.85,6.96,7.12,9,4,13.73310502
6724,7.48,16.4,2,490,194,7.31,7.12,7.36,7.17,9,4,13.73584475
6724,4.32,15.47,1,536,195,7.47,7.11,7.28,7.47,9,4,13.73858447
6724,7.91,13.66,2,782,196,7.78,7.63,6.91,7.15,9,4,13.7413242
6724,5.17,8.56,4,203,197,7.31,6.59,6.68,6.92,9,4,13.74406393
6724,8.48,16.71,2,545,198,7.32,6.84,6.94,6.82,9,4,13.74680365
6724,8.47,16.3,4,584,199,7.63,7.04,6.99,6.99,9,4,13.74954338
6724,3.87,6.47,1,139,200,7.63,6.75,7.02,6.91,9,4,13.75228311
6724,8.13,17.69,2,476,201,7.05,6.78,7.14,7.06,9,4,13.75502283
6724,8.23,18.27,2,1154,202,6.71,7.33,6.28,6.63,9,4,13.75776256
6724,3.72,8.18,1,1067,203,7.41,0,6.41,6.84,9,4,13.76050228
6724,8.29,15.72,2,452,204,7.1,6.93,7.07,6.88,9,4,13.76324201
6724,4.19,9.99,1,245,205,7.36,6.85,6.8,6.91,9,4,13.76598174
6724,4.18,10.99,1,757,206,6.81,6.71,6.12,6.54,9,4,13.76872146
6724,8.1,15.53,2,428,207,7.19,6.59,6.59,6.82,9,4,13.77146119
6724,8.35,15.26,2,498,208,7.2,7.06,6.8,7.22,9,4,13.77420091
6724,3.84,7.69,2,171,209,6.66,6.54,6.38,6.98,9,4,13.77694064
6724,8.17,14.84,2,456,210,7.04,6.71,6.45,6.82,9,4,13.77968037
6724,8.02,17.01,2,529,211,7.69,7.33,7.41,7.55,9,4,13.78242009
6724,7.76,17.08,2,703,212,7.15,7.29,7.2,7.25,9,5,13.78515982
6724,7.64,16.41,3,530,213,6.98,6.59,7.07,6.98,9,5,13.78789954
6724,7.87,19.97,2,554,214,7.36,6.99,7.25,7.17,9,5,13.79063927
6724,7.97,21.69,3,600,215,7.58,7.2,7.14,7.22,9,5,13.793379
6724,4.1,13.14,1,275,216,7.12,6.96,6.84,7.15,9,5,13.79611872
6724,8.13,24.53,3,1179,217,7.15,6.59,7.02,7.04,9,5,13.79885845
6724,4.11,11.99,1,602,218,6.88,6.64,6.68,6.8,9,5,13.80159817
6724,7.42,21.38,2,615,219,6.77,6.64,7.01,6.77,9,5,13.8043379
6724,7.68,23.29,2,530,220,7.49,7.25,7.47,7.79,9,5,13.80707763
6724,7.39,19.91,2,524,221,7.6,7.01,7.23,7.15,9,5,13.80981735
6724,7.69,24.56,2,587,222,7.08,6.64,7.49,7.2,9,5,13.81255708
6724,4.05,13.26,1,282,223,7.32,6.78,7.05,7.2,9,5,13.8152968
6724,11.36,37.23,3,1638,224,7.15,6.63,6.81,6.98,9,5,13.81803653
6724,7.92,23.51,2,584,225,6.99,6.75,6.89,7.15,9,5,13.82077626
6724,6.97,17.95,2,600,226,6.93,6.36,6.26,6.55,9,5,13.82351598
6724,7.88,23.35,2,926,227,6.77,6.71,6.82,6.87,9,5,13.82625571
6724,4.09,19.72,1,703,228,6.71,6.6,6.59,6.73,9,5,13.82899543
6724,7.08,20.33,2,553,229,6.99,6.44,6.8,6.93,9,5,13.83173516
6724,7.03,19.33,2,581,230,6.75,6.57,6.43,6.71,9,5,13.83447489
6724,8.15,26.07,2,1013,231,7.11,6.8,6.9,7.13,9,5,13.83721461
6724,5.07,26.86,2,693,232,7.15,6.7,6.78,6.87,9,5,13.83995434
6724,9.08,24.63,2,667,233,6.95,6.66,6.55,6.66,9,5,13.84269406
6724,11.77,23.72,3,718,234,6.89,6.64,6.64,6.77,9,5,13.84543379
6724,5.04,13.33,1,261,235,6.66,6.42,6.68,6.59,9,5,13.84817352
6724,9,25.13,2,1253,236,6.75,6.28,6.48,6.48,9,5,13.85091324
6724,7.04,25.99,2,827,237,6.43,6.22,6.23,6.45,9,5,13.85365297
6724,7.48,22.16,2,671,238,6.78,6.22,6.02,6.45,9,5,13.85639269
6724,7.97,21.17,3,739,239,6.57,6.13,6.27,6.45,9,5,13.85913242
6724,2.85,13.2,1,699,240,6.73,5.96,6.34,6.82,9,5,13.86187215
6724,7.36,18.19,2,445,241,6.53,5.96,6.48,6.14,9,5,13.86461187
6724,8.1,24.83,2,776,242,6.78,6.55,6.88,6.91,9,5,13.8673516
6724,6.19,19.68,2,513,243,6.92,7.12,6.93,6.9,9,6,13.87009132
6724,6.91,23.95,2,1254,244,6.93,6.12,7.09,7.17,9,6,13.87283105
6724,3.8,25.18,1,708,245,7.14,6.86,6.91,7.36,9,6,13.87557078
6724,8.16,9.64,3,1434,246,6.55,5.74,6.22,6.23,9,6,13.8783105
6724,4.67,11.68,2,219,247,6.52,6.36,6.31,6.3,9,6,13.88105023
6724,6.2,17.64,4,1114,248,6.42,5.87,6.27,6.12,9,6,13.88378995
6724,6.4,17.41,3,504,249,6.61,6.26,6.35,6.32,9,6,13.88652968
6724,4.06,19.55,2,941,250,6.94,6.57,6.72,6.78,9,6,13.88926941
6724,7.17,6.07,2,200,251,6.81,0,6.06,5.8,9,6,13.89200913
6724,3.89,12.45,1,329,252,6.77,6.61,6.8,6.84,9,6,13.89474886
6724,4.02,13.96,2,244,253,6.34,6.82,6.61,7.28,9,6,13.89748858
6724,3.86,15.34,1,303,254,6.82,6.71,6.75,7.39,9,6,13.90022831
6724,4.05,14.8,1,286,255,6.64,6.38,6.63,6.93,9,6,13.90296804
6724,4.06,12.17,1,220,256,6.68,6.12,7.25,6.98,9,6,13.90570776
6724,3.96,12.24,1,214,257,6.55,6.37,6.94,7.2,9,6,13.90844749
6724,4.08,11.67,1,287,258,6.34,5.9,6.28,7.12,9,6,13.91118721
6724,4.05,11.79,2,443,259,6.63,0,6.28,8.44,9,6,13.91392694
6724,7.36,16.4,2,465,260,6.88,7.97,6.77,6.68,9,6,13.91666667
6724,3.84,11.76,1,265,261,7.31,6.73,7.52,7.68,9,6,13.91940639
6724,8,22.77,2,1324,262,7.13,8.56,7.06,7.04,9,6,13.92214612
6724,4.02,13.09,1,237,263,7.71,6.95,7.76,10.05,9,6,13.92488584
6724,3.84,11.51,1,219,264,7.19,6.64,7.02,8.24,9,6,13.92762557
6724,7.89,24.87,3,639,265,6.78,6.47,7.03,8.19,9,6,13.9303653
6724,4.03,12.18,2,578,266,7.73,6.66,6.75,7.52,9,6,13.93310502
6724,3.42,18.81,1,877,267,9.06,6.41,7.33,7.41,9,6,13.93584475
6724,8.03,19.42,2,670,268,7.52,6.18,6.84,6.9,9,6,13.93858447
6724,4.05,8.87,1,467,269,7.73,6.18,6.38,6.66,9,6,13.9413242
6724,4.08,8.76,1,464,270,0,6.26,5.89,7.65,9,6,13.94406393
6724,7.9,18.55,3,737,271,9.55,6.22,6.96,9.08,9,6,13.94680365
6724,4.05,7.55,1,688,272,7.01,6.68,9.99,9.42,9,6,13.94954338
6724,3.87,13.09,1,242,273,8.24,6.34,7.07,7.58,9,7,13.95228311
6724,4,12.5,1,753,274,7.07,5.37,5.88,9.51,9,7,13.95502283
6724,4.6,14.35,1,219,275,7.63,6.68,7.91,8.74,9,7,13.95776256
6724,8.65,14.74,2,661,276,7.52,8.93,7.07,6.45,9,7,13.96050228
6724,7.68,15.79,4,531,277,7.78,6.61,6.82,7.74,9,7,13.96324201
6724,4.05,11.94,1,224,278,7.36,6.53,6.57,7.39,9,7,13.96598174
6724,3.82,13.89,1,209,279,7.25,6.7,7.76,7.9,9,7,13.96872146
6724,3,13.42,1,242,280,7.08,5.97,7.23,8.4,9,7,13.97146119
6724,3.01,17.31,1,316,281,7.17,6.29,7.23,7.95,9,7,13.97420091
6724,3.01,11.88,1,756,282,7.63,6.75,7.71,8.34,9,7,13.97694064
6724,3,11.12,1,197,283,6.48,6.32,6.84,7.58,9,7,13.97968037
6724,3,16.4,2,372,284,7.34,6.77,8.36,10.1,9,7,13.98242009
6724,5.78,14.83,2,953,285,6.7,6.18,6.7,9.09,9,7,13.98515982
6724,3,13.13,2,221,286,7.68,6.52,7.84,9.08,9,7,13.98789954
6724,6.93,16.6,3,814,287,6.82,6.34,7.58,7.82,9,7,13.99063927
6724,3.02,13.59,1,301,288,6.98,6.54,7.63,7.23,9,7,13.993379
6724,5.38,18.09,2,793,289,6.71,6.12,6.45,7.11,9,7,13.99611872
6724,5.54,19.8,2,546,290,7.31,6.38,7.07,8.06,9,7,13.99885845
6724,4,15.92,1,799,291,7.58,7.11,7.97,8.47,9,7,14.00159817
6724,3.79,14.98,1,298,292,7.02,6.75,7.28,8.7,9,7,14.0043379
6724,7.02,17.67,2,1779,293,7.12,6.75,7.49,8.94,9,7,14.00707763
6724,3.98,12.46,2,212,294,7.63,7.31,8.45,8.36,9,7,14.00981735
6724,3.04,15.62,1,302,295,7.17,6.38,7.33,7.58,9,7,14.01255708
6724,5.48,15.61,2,442,296,6.93,6.66,8.49,7.93,9,7,14.0152968
6724,6.11,19.08,2,676,297,7.27,6.26,7.31,7.25,9,7,14.01803653
6724,4.08,10.16,2,582,298,6.48,6.18,8.5,6.66,9,7,14.02077626
6724,5.12,18.64,2,700,299,6.7,6.28,7.11,6.8,9,7,14.02351598
6724,4.92,18.47,2,858,300,6.71,6.66,7.52,7.23,9,7,14.02625571
6900,2.6,12.88,1,567,1,7.91,15.21,7.97,7.41,8,10,11.57134703
6900,4.89,20.31,3,979,2,7.19,9.13,7.28,7.05,8,10,11.57408676
6900,5.44,14.57,2,562,3,6.75,12.31,7.39,7.15,8,10,11.57682648
6900,7.74,22.76,4,594,4,6.5,9.83,7.02,6.73,8,10,11.57956621
6900,8.18,20.07,4,567,5,6.8,9.18,6.91,6.73,8,10,11.58230594
6900,5.08,19.31,2,498,6,7.58,9.73,7.17,6.71,8,11,11.58504566
6900,8.98,18.23,3,490,7,6.73,7.74,6.47,6.28,8,11,11.58778539
6900,8.84,22.86,2,584,8,6.59,8.16,6.42,6.45,8,11,11.59052511
6900,4.78,14.25,2,329,9,6.73,7.79,6.39,6.28,8,11,11.59326484
6900,4.71,23.08,3,582,10,6.53,8.01,6.32,6.23,8,11,11.59600457
6900,6.32,21.56,3,605,11,6.31,7.36,6.28,6.41,8,11,11.59874429
6900,6.22,18.5,3,459,12,6.26,8.36,6.42,6.35,8,11,11.60148402
6900,4,19.79,1,447,13,7.04,10.53,6.86,6.52,8,11,11.60422374
6900,9.22,22.56,2,896,14,6.53,8.08,6.39,6.24,8,11,11.60696347
6900,4.85,16.88,2,364,15,6.88,8.19,6.77,6.8,8,11,11.6097032
6900,5.75,15.86,4,467,16,6.5,7.47,6.35,6.15,8,11,11.61244292
6900,5.81,20.15,4,758,17,6.81,9.28,6.31,6.39,8,11,11.61518265
6900,7.56,21.47,3,567,18,6.66,8.96,6.63,6.71,8,11,11.61792237
6900,7.61,21.18,3,629,19,6.64,7.65,6.27,6.27,8,11,11.6206621
6900,7.42,21.44,2,923,20,6.38,7.63,6.31,6.55,8,11,11.62340183
6900,4.21,12.69,1,235,21,6.36,6.84,6.05,6.23,8,11,11.62614155
6900,4.09,18.59,2,601,22,6.63,8.91,6.38,5.96,8,11,11.62888128
6900,3.99,17.84,1,548,23,6.52,8.68,6.66,6.28,8,11,11.631621
6900,3.8,18.9,1,414,24,6.98,7.92,6.47,6.45,8,11,11.63436073
6900,5.26,18.64,3,648,25,6.99,10.21,6.77,6.57,8,11,11.63710046
6900,8.6,17.35,3,444,26,7.04,7.84,7.01,6.89,8,11,11.63984018
6900,6.69,18.2,2,449,27,6.97,7.52,6.9,6.93,8,11,11.64257991
6900,10.68,17.93,2,468,28,6.28,7.09,6.61,6.46,8,11,11.64531963
6900,5.48,18.56,2,515,29,6.77,7.07,6.66,6.61,8,11,11.64805936
6900,10.97,19.82,4,574,30,6.7,7.06,6.46,6.66,8,11,11.65079909
6900,7.58,20.56,3,596,31,6.64,7.23,6.8,6.82,8,11,11.65353881
6900,7.53,18.96,2,1149,32,6.39,6.81,6.46,6.38,8,11,11.65627854
6900,6.18,19.66,2,713,33,6.19,6.75,6.82,6.7,8,11,11.65901826
6900,7.78,20.49,2,656,34,6.9,7.74,6.77,6.66,8,11,11.66175799
6900,7.67,21.69,3,635,35,7.14,7.52,6.96,6.82,8,11,11.66449772
6900,7.66,20.35,3,644,36,6.81,7.15,6.93,6.61,8,12,11.66723744
6900,8.42,20.43,2,617,37,6.7,6.89,6.75,6.55,8,12,11.66997717
6900,5.93,15.17,1,778,38,6.59,0,6.24,6.45,8,12,11.67271689
6900,4.98,18.17,1,445,39,6.52,6.91,6.46,6.56,8,12,11.67545662
6900,3.44,18.67,1,394,40,6.96,7.6,6.91,6.73,8,12,11.67819635
6900,7.3,17.75,2,429,41,7.55,7.69,6.77,6.88,8,12,11.68093607
6900,5.36,13.89,2,303,42,7.47,7.47,7.23,6.88,8,12,11.6836758
6900,5.2,22.52,1,423,43,8.26,8.45,7.55,8.17,8,12,11.68641553
6900,5.07,8.7,1,485,44,0,8.55,0,0,8,12,11.68915525
6900,4.81,15.2,1,352,45,7.63,7.41,7.05,6.99,8,12,11.69189498
6900,4.79,17.94,1,463,46,7.71,7.68,7.41,7.2,8,12,11.6946347
6900,4.4,21.48,2,411,49,8.65,9.41,8.45,7.9,8,12,11.70285388
6900,4.37,5.86,2,1157,50,0,0,0,0,8,12,11.70559361
6900,8.25,22.64,2,573,51,8.03,7.94,7.87,7.93,8,12,11.70833333
6900,4.39,11.28,1,221,52,7.9,7.95,7.71,7.55,8,12,11.71107306
6900,8.78,23.16,2,548,53,6.97,6.77,6.79,6.71,8,12,11.71381279
6900,4.36,10.24,1,196,54,7.44,7.15,6.93,6.98,8,12,11.71655251
6900,4.4,14.61,1,335,55,6.63,6.54,6.43,6.45,8,12,11.71929224
6900,4.36,10.38,1,422,56,6.77,6.32,6.26,6.39,8,12,11.72203196
6900,4.36,17.25,1,333,58,7.05,7.14,7.05,7.04,8,12,11.72751142
6900,4.38,13.66,1,589,59,6.89,7.15,6.88,6.45,8,12,11.73025114
6900,4.55,8.81,1,187,66,6.63,6.42,6.61,6.55,8,12,11.74942922
6900,4.01,11.14,2,322,67,6.63,6.59,6.54,6.61,8,1,11.75216895
6900,4.03,14.82,2,297,68,6.39,6.42,6.46,6.47,8,1,11.75490868
6900,4.05,17.59,1,405,69,6.57,6.38,6.73,6.51,8,1,11.7576484
6900,4.02,12.9,1,289,70,7.03,6.8,7.49,6.82,8,1,11.76038813
6900,2.95,16.62,1,374,71,6.78,6.68,7.41,6.79,8,1,11.76312785
6900,4.5,16.51,1,447,72,6.55,6.47,6.79,6.2,8,1,11.76586758
6900,9.02,22.68,2,857,73,6.91,6.7,6.92,6.45,8,1,11.76860731
6900,3.21,12.63,1,332,74,7.31,6.8,6.63,6.71,8,1,11.77134703
6900,3.94,14.82,1,283,75,6.97,6.59,6.38,6.48,8,1,11.77408676
6900,4.5,24.43,1,850,76,6.42,5.95,6.7,6.39,8,1,11.77682648
6900,4.52,16.31,1,824,77,6.66,6.26,6.81,6.3,8,1,11.77956621
6900,3.44,18.12,1,516,78,6.93,6.78,7.11,6.57,8,1,11.78230594
6900,4.47,24.1,1,609,79,7.52,7.25,6.96,6.9,8,1,11.78504566
6900,10.32,2.34,4,604,80,6.98,6.48,6.26,6.45,8,1,11.78778539
6900,4.48,14.56,1,275,81,6.75,6.7,6.46,6.61,8,1,11.79052511
6900,8.19,27.57,2,683,82,6.89,6.64,6.59,6.71,8,1,11.79326484
6900,4.06,8.84,3,173,83,6.52,6.44,6.27,6.39,8,1,11.79600457
6900,4.49,17.35,2,352,84,6.77,6.63,6.95,6.63,8,1,11.79874429
6900,4.3,15.77,1,340,85,6.59,6.55,6.54,6.28,8,1,11.80148402
6900,4,19.19,1,415,86,7.03,6.93,6.84,6.77,8,1,11.80422374
6900,8.88,23.96,2,547,87,6.86,6.79,7.02,6.57,8,1,11.80696347
6900,4.42,14.2,2,222,88,7.08,7.12,7.33,7.15,8,1,11.8097032
6900,8.88,22.62,2,562,89,6.81,6.71,6.92,6.68,8,1,11.81244292
6900,4.42,14.3,1,332,90,7.05,6.94,6.81,6.84,8,1,11.81518265
6900,4.43,12.17,1,479,91,6.71,7.03,6.93,6.7,8,1,11.81792237
6900,4.45,19.43,1,418,92,6.92,7.18,6.89,6.88,8,1,11.8206621
6900,8.36,26.62,3,734,93,6.93,6.93,6.91,6.68,8,1,11.82340183
6900,1.23,12.19,1,243,94,6.88,6.86,6.9,6.75,8,1,11.82614155
6900,4.21,13.68,1,290,95,6.42,6.2,6.66,6.28,8,1,11.82888128
6900,8.84,25.77,2,779,96,6.55,6.64,6.57,6.32,8,1,11.831621
6900,4.4,14.59,2,285,97,6.92,6.61,6.75,6.61,8,1,11.83436073
6900,4.42,17.25,1,313,98,6.82,6.66,6.73,6.66,8,2,11.83710046
6900,3.94,14.67,1,467,99,6.52,6.48,6.57,6.51,8,2,11.83984018
6900,8.79,18.44,2,698,100,6.9,7.64,6.73,6.97,8,2,11.84257991
6900,4.38,17.53,1,326,101,6.96,7.02,6.82,6.93,8,2,11.84531963
6900,4.39,17.46,1,334,102,6.59,7.12,6.57,6.71,8,2,11.84805936
6900,4.3,16.32,1,347,103,6.77,6.64,6.73,6.77,8,2,11.85079909
6900,3.41,9.21,1,183,104,6.63,6.28,6.39,6.39,8,2,11.85353881
6900,5.33,24.33,3,544,105,7.09,6.88,6.75,6.68,8,2,11.85627854
6900,3.44,13.21,1,283,106,7.12,7.02,6.84,6.82,8,2,11.85901826
6900,8.69,27.14,2,1181,107,6.61,6.64,6.7,6.71,8,2,11.86175799
6900,0.97,11.46,2,264,108,6.68,6.7,6.79,6.87,8,2,11.86449772
6900,4,19.32,1,479,109,6.59,6.34,6.43,6.18,8,2,11.86723744
6900,4.35,12.14,1,297,110,6.89,6.75,6.75,6.71,8,2,11.86997717
6900,4.1,13.8,1,304,111,6.39,6.26,6.35,6.11,8,2,11.87271689
6900,4.31,14.75,2,287,112,0,7.28,7.44,9.52,8,2,11.87545662
6900,4.14,8.44,1,246,113,7.42,6.36,6.66,6.23,8,2,11.87819635
6900,3.12,10.44,2,488,114,7.08,7.06,6.96,7.02,8,2,11.88093607
6900,4.16,14.05,2,285,115,7.98,6.82,6.93,6.82,8,2,11.8836758
6900,7.95,22.14,3,858,116,7.69,7.02,7.55,7.36,8,2,11.88641553
6900,4.17,14.24,2,333,118,0,6.95,7.23,6.78,8,2,11.89189498
6900,4.06,6.24,1,184,119,7.15,0,6.11,5.89,8,2,11.8946347
6900,8.59,22.13,2,763,120,8.36,7.1,7.36,7.01,8,2,11.89737443
6900,4.25,12.11,1,248,121,7.49,7.07,6.77,6.82,8,2,11.90011416
6900,8.54,20.78,2,418,122,6.98,6.78,6.84,6.68,8,2,11.90285388
6900,4,10.45,1,179,123,6.75,7.01,6.63,6.5,8,2,11.90559361
6900,8.42,17.63,2,711,124,7.31,6.82,7.17,6.66,8,2,11.90833333
6900,4,11.13,1,312,125,6.7,6.85,6.45,6.61,8,2,11.91107306
6900,8.01,16.44,2,409,126,6.61,7.95,7.07,6.57,8,2,11.91381279
6900,4,7.75,1,94,127,6.57,7.95,6.49,6.15,8,3,11.91655251
6900,3.41,5.39,1,194,128,6.59,8.64,6.64,7.05,8,3,11.91929224
6900,4.3,4.48,2,174,129,6.7,7.75,6.42,6.82,8,3,11.92203196
6900,4,4.14,1,166,130,6.7,6.84,6.64,6.78,8,3,11.92477169
6900,4,3.75,1,162,131,6.42,6.44,5.9,6.32,8,3,11.92751142
6900,4.18,3.15,1,243,132,6.31,6.13,6.06,6.07,8,3,11.93025114
6900,4.2,4.09,1,185,133,6.38,6.09,6.26,6.34,8,3,11.93299087
6900,4.2,3.95,1,335,134,6.45,0,6.1,0,8,3,11.93573059
6900,3.94,4.02,1,137,135,6.23,6.54,6.32,6.45,8,3,11.93847032
6900,4.17,3.75,1,129,136,6.86,7.12,6.63,6.88,8,3,11.94121005
6900,3.96,3.09,1,85,137,6.52,6.43,6.46,6.66,8,3,11.94394977
6900,8.1,14.59,2,629,138,6.97,6.99,7.11,7.36,8,3,11.9466895
6900,4,8.27,1,238,139,6.68,6.26,6.77,6.45,8,3,11.94942922
6900,4.19,8.87,1,151,140,6.44,6.42,6.57,6.88,8,3,11.95216895
6900,2.95,13.8,1,599,141,6.66,7.15,6.73,6.73,8,3,11.95490868
6900,4.18,7.76,1,138,142,6.77,6.45,6.9,6.93,8,3,11.9576484
6900,4.17,13.22,1,288,143,7.31,6.86,7.05,6.97,8,3,11.96038813
6900,4.16,6.31,1,96,144,7.15,6.57,6.42,6.71,8,3,11.96312785
6900,8.21,17.4,3,438,145,7.36,6.8,6.7,6.91,8,3,11.96586758
6900,8.58,14.29,3,335,146,7.12,6.9,6.81,7.05,8,3,11.96860731
6900,4.12,7.82,1,127,147,7.09,6.64,6.47,6.71,8,3,11.97134703
6900,8.11,19.96,2,1472,148,6.66,6.63,6.52,6.32,8,3,11.97408676
6900,3.26,5.51,1,67,149,6.37,6.22,6.59,6.45,8,3,11.97682648
6900,3.46,13.19,1,227,150,6.66,6.71,6.77,6.73,8,3,11.97956621
6900,3.8,11.35,1,202,151,6.82,6.71,6.7,6.73,8,3,11.98230594
6900,7.83,14.71,2,398,152,7.2,6.86,7.2,7.02,8,3,11.98504566
6900,3.25,8.2,1,221,153,7.58,7.1,7.17,7.2,8,3,11.98778539
6900,7.97,18.82,2,521,154,7.28,6.82,6.82,6.82,8,3,11.99052511
6900,6.72,13.53,2,387,155,7.26,6.71,6.83,6.73,8,3,11.99326484
6900,3.94,8.12,3,369,156,6.61,6.96,6.61,6.84,8,3,11.99600457
6900,8.17,13.86,3,328,157,7.19,6.75,6.48,6.8,8,3,11.99874429
6900,7.54,13.66,2,430,158,6.82,6.68,6.79,6.99,8,4,12.00148402
6900,2.24,15.31,1,858,159,6.53,6.66,6.06,6.23,8,4,12.00422374
6900,1.25,4.2,1,318,160,6.59,6.31,6.26,6.77,8,4,12.00696347
6900,0.98,7.12,1,157,161,7.22,6.77,6.93,6.98,8,4,12.00981735
6900,4,8.97,1,150,162,6.92,6.82,6.86,6.88,8,4,12.01255708
6900,5.1,10.35,2,293,165,6.99,6.7,6.97,6.9,8,4,12.02077626
6900,2.21,7.34,1,705,166,0,6.77,0,0,8,4,12.02351598
6900,8.07,10.78,3,321,167,6.61,6.45,6.63,6.45,8,4,12.02625571
6900,4.01,6.65,2,188,168,6.92,6.54,6.54,6.54,8,4,12.02899543
6900,5.23,12.88,2,335,169,7.03,6.59,6.59,6.59,8,4,12.03173516
6900,3.44,6.59,1,119,170,6.82,6.77,6.93,6.79,8,4,12.03447489
6900,6.68,12.97,2,938,171,7.1,6.68,7.08,6.79,8,4,12.03721461
6900,3.7,8.31,1,455,172,7.2,7.52,6.57,6.61,8,4,12.03995434
6900,8.53,12.4,3,352,173,7.14,6.7,6.59,6.86,8,4,12.04269406
6900,5.04,14.51,2,616,175,7.01,7.23,6.9,8.43,8,4,12.04817352
6900,5.1,2.89,1,177,176,6.8,7.3,6.56,0,8,4,12.05091324
6900,8.96,13.9,3,879,177,7.39,7.76,6.82,7.47,8,4,12.05365297
6900,4.89,6.69,1,150,178,7.55,7.22,7.12,7.26,8,4,12.05639269
6900,9.28,12.65,3,479,179,6.75,6.52,6.59,6.45,8,4,12.05913242
6900,4,9.18,1,179,180,6.45,6.64,6.27,6.34,8,4,12.06187215
6900,10.18,14.53,3,687,181,6.46,6.52,6.63,6.34,8,4,12.06461187
6900,5.04,7.16,1,177,182,6.52,6.2,6.37,6.3,8,4,12.0673516
6900,7.24,15.43,2,348,183,6.53,6.59,6.8,6.77,8,4,12.07009132
6900,5.06,6.06,1,100,184,6.82,6.91,6.43,6.77,8,4,12.07283105
6900,10.14,13.48,2,330,185,6.35,6.23,6.46,6.45,8,4,12.07557078
6900,5.26,7.11,2,337,186,6.35,6.63,6.52,6.5,8,4,12.0783105
6900,9.66,13.74,3,375,187,6.89,6.66,6.72,6.61,8,4,12.08105023
6900,4.49,9.38,1,196,188,6.83,6.64,6.94,7.09,8,5,12.08378995
6900,6.06,14.38,2,711,189,6.66,6.54,6.35,6.61,8,5,12.08652968
6900,4.62,8.8,2,159,190,7.03,6.82,6.96,6.88,8,5,12.08926941
6900,8.69,12.57,2,331,191,6.53,6.45,6.54,6.61,8,5,12.09200913
6900,7.19,17.38,2,894,192,6.63,6.78,6.52,6.45,8,5,12.09474886
6900,5.08,14.46,1,419,193,6.57,6.42,6.64,6.73,8,5,12.09748858
6900,9.05,8.8,3,323,194,6.94,6.59,6.7,6.61,8,5,12.10022831
6900,9.04,19.91,2,578,195,6.41,6.31,6.46,6.66,8,5,12.10296804
6900,4,11.16,1,209,196,6.7,6.7,6.63,6.82,8,5,12.10570776
6900,9.08,19.28,2,363,197,6.59,6.39,6.34,6.35,8,5,12.10844749
6900,5.08,13.21,1,259,198,6.36,6.31,6.18,6.34,8,5,12.11118721
6900,9.06,19.68,2,710,199,6.47,6.55,6.11,6.23,8,5,12.11392694
6900,3.45,13.39,2,313,200,6.73,6.55,6.55,6.55,8,5,12.11666667
6900,8.49,20.59,2,505,201,6.07,6.18,6.16,6.03,8,5,12.11940639
6900,8.71,20.94,2,1340,202,6.63,6.57,6.35,6.5,8,5,12.12214612
6900,5.08,10.97,2,205,203,6.55,6.37,6.57,6.5,8,5,12.12488584
6900,5.04,20.56,1,509,204,6.27,6.24,6.43,6.2,8,5,12.12762557
6900,4.43,9.33,1,428,205,6.37,6.22,6.43,6.18,8,5,12.1303653
6900,8.52,16.68,3,646,206,6.64,6.23,6.15,6.23,8,5,12.13310502
6900,4.59,11.48,1,185,207,6.53,6.71,6.48,6.66,8,5,12.13584475
6900,5.06,19.78,1,1004,208,6.45,6.42,6.3,6.23,8,5,12.13858447
6900,5.06,13.38,1,460,209,6.59,6.89,6.63,6.82,8,5,12.1413242
6900,10.16,18.08,2,860,210,6.55,6.98,6.43,6.5,8,5,12.14406393
6900,9.82,16.77,2,554,212,6.39,6.66,6.43,6.35,8,5,12.14954338
6900,5.06,12.23,1,262,213,6.39,6.7,6.82,6.59,8,5,12.15228311
6900,3.58,23.73,3,742,214,6.53,6.54,6.41,6.39,8,5,12.15502283
6900,3.72,9.18,2,165,215,6.41,6.11,6.24,6.4,8,5,12.15776256
6900,6.16,16.49,2,658,216,6.34,6.16,6,6.14,8,5,12.16050228
6900,3.04,9.72,1,246,217,6.12,5.91,6.39,6.08,8,5,12.16324201
6900,5.85,21.86,2,819,218,6.35,6.12,6.43,6.39,8,5,12.16598174
6900,3.11,11.72,1,205,219,6.92,6.66,6.7,6.61,8,6,12.16872146
6900,5.6,15.51,2,419,220,6.31,5.89,6.11,6.18,8,6,12.17146119
6900,5.98,13.96,2,390,221,5.85,6.11,5.8,5.98,8,6,12.17420091
6900,5.72,17.91,3,429,222,6.48,6.28,6.27,6.27,8,6,12.17694064
6900,2.52,5.67,1,1668,223,0,5.92,5.15,0,8,6,12.17968037
6900,0.39,12.17,1,376,224,6.48,6.08,6.06,6.16,8,6,12.18242009
6900,3.08,7.58,1,427,225,5.63,5.73,5.76,5.54,8,6,12.18515982
6900,5.89,14.05,2,416,226,6.79,6.5,6.71,6.61,8,6,12.18789954
6900,3.09,10.05,1,167,227,6.14,6.48,6.34,6.42,8,6,12.19063927
6900,1.6,11.93,1,270,228,7.26,6.66,7.11,6.94,8,6,12.193379
6900,0.98,5.23,1,351,229,5.97,5.98,6.03,5.93,8,6,12.19611872
6900,6.17,16.13,2,354,230,6.86,6.43,7.12,6.93,8,6,12.19885845
6900,2.95,6.08,1,138,231,6.52,6.34,6.44,6.15,8,6,12.20159817
6900,3.09,11.2,1,175,232,6.18,6.22,6.55,6.32,8,6,12.2043379
6900,3.12,11.14,1,229,233,6.26,6.2,6.26,6.3,8,6,12.20707763
6900,3.09,12.98,1,178,234,6.24,6.18,6.57,6.5,8,6,12.20981735
6900,2.89,11.72,1,470,235,6.48,0,6.52,6.61,8,6,12.21255708
6900,3.12,9.93,1,260,237,6.82,0,7.01,6.98,8,6,12.21803653
6900,3.09,9.51,2,201,238,6.46,7.17,6.66,7.96,8,6,12.22077626
6900,3.08,7.27,2,144,239,6.38,7.63,6.09,6.5,8,6,12.22351598
6900,2.95,9.12,1,449,240,7.03,8.73,6.86,6.98,8,6,12.22625571
6900,2.64,9.86,1,204,241,6.45,7.63,6.59,6.63,8,6,12.22899543
6900,3.11,9.14,1,125,242,6.08,6.32,5.86,6.19,8,6,12.23173516
6900,5.52,14.68,2,695,243,6.57,6.48,6.38,6.23,8,6,12.23447489
6900,3.11,7.39,2,119,244,6.7,6.45,6.51,6.66,8,6,12.23721461
6900,5.98,15.06,2,477,245,6.23,6.23,6.24,6.1,8,6,12.23995434
6900,1.4,8.08,1,129,246,6.34,6.05,6.41,6.42,8,6,12.24269406
6900,5.06,13.28,2,564,247,5.96,5.84,6.14,6.05,8,6,12.24543379
6900,3.08,8.87,1,155,248,6.28,6.1,6.19,6.31,8,6,12.24817352
6900,4.41,13.85,2,539,249,6.46,6.2,6.18,6.14,8,7,12.25091324
6900,2.11,9.85,1,341,250,6.48,0,0,6.47,8,7,12.25365297
6900,3.11,8.89,2,147,251,5.96,5.89,5.97,6.2,8,7,12.25639269
6900,4,14.46,1,224,252,6.66,6.55,6.9,6.88,8,7,12.25913242
6900,3.09,4.6,1,1510,253,5.95,5.95,5.78,6.12,8,7,12.26187215
6900,3.12,7.33,1,104,254,6.75,6.39,6.32,6.48,8,7,12.26461187
6900,3.08,10.65,1,198,255,6.56,6.28,6.79,6.61,8,7,12.2673516
6900,2.73,10.61,1,221,256,6.5,6.42,6.79,6.43,8,7,12.27009132
6900,3.08,10.76,1,187,257,6.45,6.22,6.2,6.19,8,7,12.27283105
6900,2.87,13.2,1,309,258,6.82,6.16,6.2,6.4,8,7,12.27557078
6900,3.08,6.85,2,860,259,5.99,6.24,5.98,6.19,8,7,12.2783105
6900,3.08,11.85,1,207,260,6.51,6.39,6.9,6.88,8,7,12.28105023
6900,2.84,9.6,1,160,261,6.26,6.22,6.59,6.45,8,7,12.28378995
6900,3.09,11.51,2,422,262,6.36,6.18,6.06,6.18,8,7,12.28652968
6900,2.46,11.16,1,444,263,6.41,6.42,6.19,6.4,8,7,12.28926941
6900,5.66,13.69,2,363,264,6.45,6.18,6.54,6.19,8,7,12.29200913
6900,3.08,8.93,1,153,265,6.45,6.38,6.38,6.34,8,7,12.29474886
6900,2.95,9.34,1,323,266,6.05,5.99,6.26,6.34,8,7,12.29748858
6900,3.1,10.73,1,1211,267,6.42,0,6.11,6.27,8,7,12.30022831
6900,3.08,7.81,1,191,268,6.12,0,6.61,6.68,8,7,12.30296804
6900,3.09,12.63,2,338,269,6.48,7.15,6.43,6.28,8,7,12.30570776
6900,3.15,9.42,1,175,270,6.4,6.55,6.24,6.23,8,7,12.30844749
6900,3.09,9.06,1,317,271,6.12,6.84,6.34,6.27,8,7,12.31118721
6900,3.11,9.89,1,149,272,5.99,6.59,6.31,6.45,8,7,12.31392694
6900,3.08,9.21,1,145,273,5.94,6.09,6.05,6.34,8,7,12.31666667
6900,2.93,10.85,1,260,274,6.47,6.13,6.11,6.28,8,7,12.31940639
6900,2.75,10.13,1,240,275,6.19,6.05,6.26,6.18,8,7,12.32214612
6900,1.77,7.82,1,339,276,6.5,0,6.64,6.35,8,7,12.32488584
6915,2.38,7.44,1,226,1,7.16,6.64,6.73,7.74,8,1,11.6836758
6915,4.51,8.15,1,144,3,7.74,6.49,6.16,6.48,8,1,11.68915525
6915,4,9.25,1,149,4,6.78,6.23,6.06,6.23,8,1,11.69189498
6915,6.36,8.66,2,134,5,6.77,6.55,6.38,6.41,8,2,11.6946347
6915,6.05,10.22,1,144,6,6.44,6.2,6.31,6.45,8,2,11.69737443
6915,5.54,8.83,2,138,7,7.2,6.5,6.38,6.52,8,2,11.70011416
6915,7.56,36.63,2,519,8,6.95,6.42,6.68,6.48,8,2,11.70285388
6915,4,21.98,1,328,9,7.79,7.23,8.94,7.03,8,2,11.70559361
6915,4.19,24.73,1,316,10,10.9,7.07,7.44,6.71,8,2,11.70833333
6915,4.58,7.86,2,206,12,7.47,6.28,6.59,6.38,8,2,11.71381279
6915,4.55,7.64,1,244,13,6.82,6.16,6.32,6.12,8,2,11.71655251
6915,3.92,9,1,224,14,6.96,6.12,6.4,6.23,8,2,11.71929224
6915,4,8.77,1,228,15,6.34,6.16,6.22,6.02,8,2,11.72203196
6915,4.2,8.02,1,256,16,6.68,6.15,6.37,6.3,8,2,11.72477169
6915,4.36,8.04,1,255,17,6.86,6.18,6.16,6.32,8,2,11.72751142
6915,4.4,6.68,1,181,18,6.96,6.79,7.07,6.84,8,2,11.73025114
6915,4,7.98,1,218,19,6.86,6.46,6.64,6.52,8,2,11.73299087
6915,3.94,7.96,1,178,20,6.39,6.39,6.39,6.35,8,2,11.73573059
6915,4.44,7.29,2,290,21,6.78,6.34,6.16,6.26,8,2,11.73847032
6915,4.35,9.64,2,212,22,7.01,6.5,6.66,6.61,8,2,11.74121005
6915,4.65,8.44,1,165,23,7.11,6.66,6.77,6.82,8,2,11.74394977
6915,5.14,16.58,1,233,24,6.7,6.46,6.64,6.52,8,2,11.7466895
6915,5.1,22.97,2,350,25,7.17,8.25,7.13,6.61,8,2,11.74942922
6915,5.1,12.57,1,175,26,7.1,7.06,6.8,6.93,8,2,11.75216895
6915,5.84,20.16,3,243,27,7.31,7.36,7.47,7.01,8,2,11.75490868
6915,5.12,22.43,1,363,28,7.55,7.44,7.39,6.78,8,2,11.7576484
6915,5.12,16.01,1,159,29,6.8,6.79,6.71,6.45,8,2,11.76038813
6915,8.52,27.77,2,906,30,7.05,6.91,7.07,7.68,8,2,11.76312785
6915,4.14,17.8,1,282,31,6.75,7.58,6.92,6.88,8,2,11.76586758
6915,4.01,18.89,1,229,32,6.63,6.47,6.97,7.06,8,2,11.76860731
6915,4.16,21.67,1,295,33,7.02,6.91,6.63,6.66,8,2,11.77134703
6915,8.3,29.12,3,479,34,7.41,6.97,7.44,7.07,8,3,11.77408676
6915,4,16.5,1,198,35,7.28,6.98,7.47,6.88,8,3,11.77682648
6915,4.19,16.97,1,210,36,7.25,6.64,7.02,6.7,8,3,11.77956621
6915,8.31,30.44,2,486,37,7.15,6.63,7.05,6.71,8,3,11.78230594
6915,2.94,16.5,2,194,38,6.7,6.64,6.84,6.61,8,3,11.78504566
6915,8.03,30.66,3,460,39,6.75,6.43,6.63,6.77,8,3,11.78778539
6915,4.52,16.48,2,223,40,6.93,6.59,7.36,6.7,8,3,11.79052511
6915,8.31,28.97,2,549,41,6.83,6.42,6.73,6.61,8,3,11.79326484
6915,4.21,15.1,2,175,42,7.1,6.78,7.25,6.95,8,3,11.79600457
6915,7.85,23.5,3,439,43,7.01,6.5,6.88,6.77,8,3,11.79874429
6915,8.16,28.07,2,463,44,7.22,6.97,7.3,7.25,8,3,11.80148402
6915,4.14,17.22,1,229,45,7.2,7.15,7.39,7.01,8,3,11.80422374
6915,4.16,14.65,1,147,46,7.09,6.82,6.91,6.57,8,3,11.80696347
6915,4.15,18.52,1,208,47,6.7,6.68,6.61,6.45,8,3,11.8097032
6915,9.07,28.1,3,404,48,6.79,6.8,7.07,7.15,8,3,11.81244292
6915,4.16,16.41,1,199,49,7.12,7.11,7.23,6.99,8,3,11.81518265
6915,4.04,19.3,2,1384,50,6.98,0,6.68,6.61,8,3,11.81792237
6915,8.18,21.7,2,511,51,6.97,6.7,6.8,6.82,8,3,11.8206621
6915,4.96,16.27,2,393,52,7.1,6.73,6.84,7.11,8,3,11.82340183
6915,6.9,20.82,4,391,53,7.04,6.68,7.28,6.98,8,3,11.82614155
6915,6.07,15.58,2,404,54,6.84,6.57,7.03,6.73,8,3,11.82888128
6915,8.28,25.53,2,740,55,6.55,6.93,7.36,6.88,8,3,11.831621
6915,4.21,10.93,1,117,56,6.66,6.57,7.01,6.52,8,3,11.83436073
6915,6.64,21.77,2,586,57,6.97,6.59,6.8,6.43,8,3,11.83710046
6915,6.3,14.84,3,289,58,6.93,6.54,6.63,6.66,8,3,11.83984018
6915,4.18,16.17,1,173,59,7.03,6.8,6.8,6.59,8,3,11.84257991
6915,8.33,27.87,2,548,60,7.01,6.77,6.93,6.5,8,3,11.84531963
6915,4.21,12.95,1,401,61,6.99,0,7.2,6.07,8,3,11.84805936
6915,4.21,14.94,2,180,62,6.82,6.75,7.36,7.07,8,3,11.85079909
6915,8.22,22.47,3,477,63,6.88,7.09,7.12,6.95,8,3,11.85353881
6915,4.16,12.62,1,172,64,7.19,7.07,7.39,7.25,8,3,11.85627854
6915,8.29,19.76,2,309,65,7.03,6.91,7.28,7.09,8,4,11.85901826
6915,4,11.71,1,108,66,6.93,6.86,7.01,6.8,8,4,11.86175799
6915,8.32,22.36,3,297,67,7.08,6.93,7.12,6.93,8,4,11.86449772
6915,7.94,20.3,3,365,68,7.28,7.17,8.04,7.15,8,4,11.8673516
6915,4.86,11.32,2,122,69,7.28,7.17,8.69,7.36,8,4,11.87009132
6915,4.17,6.04,1,221,70,6.77,6.75,8.44,7.12,8,4,11.87283105
6915,4.36,4.52,1,179,71,6.55,6.16,7.26,6.51,8,4,11.87557078
6915,4.7,5.3,2,177,72,6.34,6.5,7.58,6.73,8,4,11.8783105
6915,4.59,5.55,1,179,73,6.24,6.18,7.44,6.55,8,4,11.88105023
6915,4.57,6.33,2,232,74,6.63,6.49,7.23,6.82,8,4,11.88378995
6915,4.46,5.76,1,199,75,6.34,6.5,7.25,6.57,8,4,11.88652968
6915,4.39,5.37,2,177,76,6.39,6.66,7.36,6.9,8,4,11.88926941
6915,4.24,15.48,1,205,77,7.33,7.3,7.84,7.36,8,4,11.89200913
6915,4.29,12.96,1,176,78,7.14,7.16,7.33,7.07,8,4,11.89474886
6915,5.08,2.17,1,173,79,0,0,7.05,7.09,8,4,11.89748858
6915,5.08,3.66,2,199,80,6.71,0,6.89,6.61,8,4,11.90022831
6915,5.1,0.38,1,29,81,0,0,6.3,0,8,4,11.90296804
6915,4,0.51,1,32,82,0,0,6.1,0,8,4,11.90570776
6915,3.91,4.06,2,381,83,7.44,6.84,6.94,7.31,8,4,11.90844749
6915,4.97,4.79,1,143,84,6.88,6.84,7.22,7.05,8,4,11.91118721
6915,8.96,21.25,3,395,85,7.1,7.11,7.12,7.09,8,4,11.91392694
6915,4.91,12.24,1,116,86,6.75,6.8,7.12,6.82,8,4,11.91666667
6915,5.06,14.79,1,137,87,7.04,6.96,6.68,6.66,8,4,11.91940639
6915,5.08,14.19,2,164,88,6.84,6.61,6.82,6.28,8,4,11.92214612
6915,9.12,24.79,2,393,89,7.14,6.9,6.7,7.07,8,4,11.92488584
6915,5.08,13.01,1,102,90,6.59,6.41,6.91,6.47,8,4,11.92762557
6915,10.16,20.03,2,262,91,6.81,6.5,6.88,6.61,8,4,11.9303653
6915,9.4,20.57,2,367,92,6.61,6.71,6.9,6.35,8,4,11.93310502
6915,8.62,19.61,3,391,93,7.11,6.75,7.15,7.31,8,4,11.93584475
6915,5.71,8.85,2,71,94,6.78,6.52,6.45,6.5,8,4,11.93858447
6915,10.18,27.02,3,355,95,6.86,6.68,7.07,6.68,8,5,11.9413242
6915,5.1,12.02,2,113,96,6.92,6.71,6.96,6.55,8,5,11.94406393
6915,5.02,18.61,1,196,97,6.63,6.52,6.97,6.73,8,5,11.94680365
6915,4.88,15.54,1,144,98,6.59,6.08,6.38,6.32,8,5,11.94954338
6915,9.64,25.76,2,395,99,6.77,6.52,6.93,6.68,8,5,11.95228311
6915,4.93,14.89,2,198,100,6.94,6.89,6.98,6.66,8,5,11.95502283
6915,9.04,29.42,2,463,101,6.93,6.93,7.02,6.63,8,5,11.95776256
6915,5.08,16.97,2,129,102,6.98,7.02,7.36,6.43,8,5,11.96050228
6915,11.86,34.62,3,549,103,6.71,6.82,6.98,6.79,8,5,11.96324201
6915,4,16.49,1,260,104,6.82,6.7,7.06,6.75,8,5,11.96598174
6915,10.28,34.31,2,473,105,6.53,6.64,6.78,6.34,8,5,11.96872146
6915,4,14.18,1,123,106,6.61,6.7,6.59,6.5,8,5,11.97146119
6915,9.48,27.12,2,341,107,6.45,6.31,6.52,6.28,8,5,11.97420091
6915,8.07,32.48,2,560,108,6.7,6.79,6.61,6.5,8,5,11.97694064
6915,5.73,24.02,3,475,109,6.26,6.26,6.59,6.24,8,5,11.97968037
6915,11.73,21.28,3,1503,110,6.38,6.46,6.54,6.45,8,5,11.98242009
6915,1.76,12.61,1,99,111,6.28,6.32,6.66,5.85,8,5,11.98515982
6915,9.42,18.84,2,363,112,6.37,6.16,6.54,6.45,8,5,11.98789954
6915,8.63,24.4,2,544,113,6.78,6.77,6.55,6.52,8,5,11.99063927
6915,8.92,25.77,3,443,114,6.5,6.42,6.41,6.57,8,5,11.993379
6915,4.49,14.72,1,165,115,6.66,6.42,6.68,6.63,8,5,11.99611872
6915,9.11,29.48,2,420,116,6.22,6.22,6.46,6.55,8,5,11.99885845
6915,5.1,13.81,2,190,117,6.77,6.77,6.75,6.41,8,5,12.00159817
6915,5.04,17.31,1,201,118,6.14,6.12,6.35,6.02,8,5,12.0043379
6915,10.14,29.13,3,433,119,6.13,6.6,6.15,6.23,8,5,12.00707763
6915,5.06,16.35,1,166,120,6.79,6.61,6.77,6.23,8,5,12.00981735
6915,8.14,28.7,2,378,121,6.36,6.15,6.34,5.8,8,5,12.01255708
6915,7.66,25.57,2,388,122,6.76,6.47,6.53,6.28,8,5,12.0152968
6915,3.89,12.54,1,194,123,6.38,6.53,6.68,6.61,8,5,12.01803653
6915,7.4,24.83,2,374,124,6,6.16,6.02,6.04,8,5,12.02077626
6915,4.08,16.15,1,154,125,6.52,6.45,6.55,6.05,8,5,12.02351598
6915,4.05,25.58,2,392,126,6.3,6.2,6.26,5.75,8,6,12.02625571
6915,4,14.69,1,321,127,6.3,6.6,6.26,6.02,8,6,12.02899543
6915,6.67,17.78,2,373,128,6.27,6.3,6.7,5.78,8,6,12.03173516
6915,8,26.8,2,357,129,6.66,6.42,6.73,6.31,8,6,12.03447489
6915,3.74,8.99,1,74,130,6.28,6.39,6.54,6.03,8,6,12.03721461
6915,1.59,16.78,1,151,131,6.66,6.5,6.96,6.35,8,6,12.03995434
6915,6.99,15.18,3,713,132,6,5.85,5.86,5.64,8,6,12.04269406
6915,4.05,13.65,1,127,133,6.37,6.6,6.63,6.34,8,6,12.04543379
6915,8,16.68,2,292,134,6.93,5.98,6.26,6.51,8,6,12.04817352
6915,4.05,14.75,2,124,135,6.45,6.59,6.43,5.75,8,6,12.05091324
6915,8.05,17.42,2,305,136,6.48,6.8,6.8,6.5,8,6,12.05365297
6915,4.08,21.68,1,335,137,6.68,6.85,6.59,6.12,8,6,12.05639269
6915,7.87,9.01,2,88,138,6.68,6.88,6.49,6.2,8,6,12.05913242
6915,6.94,22.83,2,352,139,5.92,6.06,6.23,6.53,8,6,12.06187215
6915,4.05,8.33,1,79,140,6.42,6.23,6.16,6.11,8,6,12.06461187
6915,4,14.91,1,132,141,6.18,6.11,6.34,5.95,8,6,12.0673516
6915,4.08,14.31,2,133,142,6.07,6.28,6.45,5.81,8,6,12.07009132
6915,3.67,12.53,1,102,143,6.52,6.31,6.61,5.91,8,6,12.07283105
6915,8.26,17.48,3,311,144,6.36,6.34,6.48,5.94,8,6,12.07557078
6915,3.75,10.75,1,94,145,6.61,6.18,6.73,6.28,8,6,12.0783105
6915,4.05,12.61,1,105,146,6.77,6.31,6.68,6.42,8,6,12.08105023
6915,0.78,6.9,1,591,147,7.66,11.59,6.88,16.52,8,6,12.08378995
6915,8.4,1.15,3,845,148,0,0,0,14.94,8,6,12.08652968
6915,5.57,1.35,3,576,149,4.62,0,0,14.09,8,6,12.08926941
6915,3.68,0.42,1,32,150,0,0,0,12.52,8,6,12.09200913
6915,4.18,1.74,2,135,151,0,6.3,0,9.73,8,6,12.09474886
6915,8.34,2.21,2,630,152,6.52,0,0,0,8,6,12.09748858
6915,8.12,6.07,2,773,153,6.42,7.35,6.36,0,8,6,12.10022831
6915,7.87,7.78,2,436,154,7.21,7.2,6.99,0,8,6,12.10296804
6915,7.62,9.36,3,411,155,6.54,6.74,6.66,8.11,8,6,12.10570776
6915,5.76,11.76,2,383,156,6.99,6.77,6.96,9.73,8,7,12.10844749
6915,5.63,11.62,3,493,157,6.61,6.64,6.94,8.97,8,7,12.11118721
6915,5.6,13.52,3,484,158,6.5,6.89,6.54,9.62,8,7,12.11392694
6915,6.55,14.05,2,360,159,6.37,6.39,6.64,9.4,8,7,12.11666667
6915,3.49,7.56,2,129,160,6.5,6.64,6.47,8.07,8,7,12.11940639
6945,5.22,28.24,2,815,1,7.67,7.49,8.4,7.47,7,11,11.03436073
6945,6.96,32.3,2,981,2,7.23,7.3,7.6,7.12,7,11,11.03710046
6945,9.06,36.06,2,910,3,7.58,7.39,7.31,7.18,7,11,11.03984018
6945,7.55,33.31,3,830,4,6.88,7.26,7.12,6.86,7,11,11.04257991
6945,10.41,34.84,2,835,5,7.41,7.15,7.1,7.04,7,11,11.04531963
6945,10.67,37.19,3,1049,6,7.33,7.41,7.49,7.25,7,11,11.04805936
6945,11.75,41.5,2,1154,7,7.55,7.3,7.11,7.28,7,11,11.05079909
6945,5.93,30.25,1,655,8,7.68,7.26,7.77,7.2,7,11,11.05353881
6945,10.78,43.1,3,999,9,7.84,7.42,7.74,7.58,7,11,11.05627854
6945,9.16,35.94,2,830,10,7.69,8.16,7.68,7.52,7,11,11.05901826
6945,5.71,24.98,1,424,11,8.52,8.15,8.26,8.27,7,12,11.06175799
6945,5.96,36,2,1190,12,8.36,8.14,8.08,8.17,7,12,11.06449772
6945,9.33,26.57,2,406,13,8.27,7.81,7.52,7.6,7,12,11.06723744
6945,10.27,33.71,2,667,14,7.11,7.2,7.08,7.17,7,12,11.06997717
6945,8.51,29.57,2,695,15,7.52,7.36,7.23,7.15,7,12,11.07271689
6945,8.9,33.23,3,1384,16,7.8,7.25,7.17,7.15,7,12,11.07545662
6945,4.98,32.2,1,577,17,8.31,7.9,7.36,7.74,7,12,11.07819635
6945,10.04,32.15,2,785,18,7.31,7.17,7.23,6.77,7,12,11.08093607
6945,8.67,33.7,2,1114,19,6.9,6.75,6.52,6.8,7,12,11.0836758
6945,8,32.5,2,919,20,7.16,7.03,6.89,7.04,7,12,11.08641553
6945,5.12,30.13,1,582,21,7.84,7.33,7.26,7.13,7,12,11.08915525
6945,8.6,26.82,2,1298,22,7.39,7.03,6.8,7.11,7,12,11.09189498
6945,5.61,26.53,2,514,23,7.41,7.9,7.28,7.09,7,12,11.0946347
6945,5.04,22.77,1,323,24,7.1,7.36,7.14,7.28,7,12,11.09737443
6945,8.74,33.19,2,1757,25,7.26,7.16,6.39,6.98,7,12,11.10011416
6945,5.05,20.19,2,304,26,7.52,7.31,7.23,7.09,7,12,11.10285388
6945,9.56,36.56,2,775,27,7.57,7.37,7.23,7.36,7,12,11.10559361
6945,5.02,23.85,1,424,28,7.44,7.25,7.55,7.2,7,12,11.10833333
6945,10.17,36.14,2,1053,29,7.71,7.02,7.17,7.15,7,12,11.11107306
6945,5.07,20.8,1,346,30,7.04,7.25,7.31,7.17,7,12,11.11381279
6945,4.73,14.91,2,334,31,7.17,6.88,6.77,6.82,7,12,11.11655251
6945,10.15,37.35,2,1216,33,7.42,7.16,7.23,7.09,7,12,11.12203196
6945,5.03,17.6,1,390,34,7.1,6.7,6.8,6.82,7,12,11.12477169
6945,9.02,20.66,2,601,41,6.86,6.95,6.91,6.73,7,12,11.14394977
6945,8.76,36.68,2,939,42,6.91,6.96,6.92,7.04,7,1,11.1466895
6945,9.07,38.98,2,905,43,6.55,6.59,6.68,6.66,7,1,11.14942922
6945,4.56,28.23,1,1294,44,6.93,7.36,7.36,0,7,1,11.15216895
6945,9.02,45.9,2,1002,45,6.86,7.35,7.05,6.95,7,1,11.15490868
6945,4.51,28.01,1,633,46,7.14,6.85,6.96,6.64,7,1,11.1576484
6945,7.88,47.1,3,1251,47,7.28,6.93,7.04,6.82,7,1,11.16038813
6945,9.95,36.39,3,995,48,7.58,7.19,7.17,6.96,7,1,11.16312785
6945,6.59,22,3,503,49,7.28,7.03,6.84,6.91,7,1,11.16586758
6945,8.57,38.3,3,1010,50,7.1,6.78,7.04,6.73,7,1,11.16860731
6945,8.35,35.46,3,1070,51,6.92,7.52,7.05,6.82,7,1,11.17134703
6945,6.57,25.16,2,819,52,6.95,6.55,6.5,6.34,7,1,11.17408676
6945,9,48.35,2,1081,53,7.02,7.65,6.93,7.28,7,1,11.17682648
6945,4.5,22.93,2,501,54,7.41,7.37,6.86,7.02,7,1,11.17956621
6945,4.78,26.93,2,683,55,7.36,7.28,7.02,7.15,7,1,11.18230594
6945,8.89,34.25,3,798,56,6.98,7.23,7.2,7.02,7,1,11.18504566
6945,9.23,47.37,4,989,57,7.29,7.36,7.11,7.15,7,1,11.18778539
6945,4.43,18.39,1,474,58,7.09,6.91,6.68,6.66,7,1,11.19052511
6945,11.96,51.5,3,1385,59,7.11,7.14,7.05,7.15,7,1,11.19326484
6945,4.46,18.09,1,438,60,6.91,7.17,7.01,6.88,7,1,11.19600457
6945,11.87,50.22,6,1430,61,7.04,6.86,6.96,6.87,7,1,11.19874429
6945,4.47,18.33,1,453,62,6.97,7,6.7,6.7,7,1,11.20148402
6945,8.89,39.91,3,1213,63,6.96,7.07,6.63,6.71,7,1,11.20422374
6945,8.79,43.27,2,1335,64,7.04,6.98,6.86,6.84,7,1,11.20696347
6945,4.4,25.07,1,626,65,7.49,7.15,7.09,6.93,7,1,11.2097032
6945,4.43,37.55,2,1674,66,7.05,7.82,6.96,6.95,7,1,11.21244292
6945,11.79,35.39,3,974,67,7.41,7.13,6.87,7.04,7,1,11.21518265
6945,4.44,19.85,1,471,68,7.25,7.25,7.23,6.66,7,1,11.21792237
6945,8.07,34.66,3,864,69,7.33,7.55,7.44,7.26,7,1,11.2206621
6945,8.82,38.89,3,1087,70,6.98,7.64,7.28,6.98,7,1,11.22340183
6945,8.87,39.71,2,1026,71,6.83,6.97,6.89,7.04,7,1,11.22614155
6945,5.21,32.15,2,786,72,8.03,7.86,7.34,7.74,7,1,11.22888128
6945,8.75,36.41,2,873,73,7.11,6.91,6.84,6.92,7,2,11.231621
6945,4.37,21.45,1,936,74,7.71,7.36,7.15,7.41,7,2,11.23436073
6945,8.45,38.95,2,1010,75,7.36,6.97,7.17,7.02,7,2,11.23710046
6945,4.38,28.14,1,618,76,7.55,7.15,6.88,7.04,7,2,11.23984018
6945,4.31,28.63,2,591,77,7.12,7.19,6.71,7.04,7,2,11.24257991
6945,8.7,34.01,2,939,78,7.2,7.49,7.12,6.88,7,2,11.24531963
6945,4.38,27.49,1,631,79,7.36,7.41,7.39,7.12,7,2,11.24805936
6945,8.69,37.88,3,907,80,7.31,7.35,7.19,6.95,7,2,11.25079909
6945,4.35,22.93,1,576,81,7.39,7.3,6.9,7.12,7,2,11.25353881
6945,7.84,32.21,2,1077,82,7.39,7.01,7.02,6.78,7,2,11.25627854
6945,8.69,36.13,2,1068,83,6.53,7.18,6.93,6.57,7,2,11.25901826
6945,8.41,38.37,2,913,84,6.97,7.02,7.09,6.86,7,2,11.26175799
6945,8.72,38.36,2,894,85,7.08,7.15,6.96,6.82,7,2,11.26449772
6945,4.34,16.9,1,1163,86,6.93,0,6.91,6.68,7,2,11.26723744
6945,11.7,48.43,3,1398,87,7.36,7.2,7.41,6.93,7,2,11.26997717
6945,4.71,16.46,2,1535,88,6.45,6.86,7.17,6.82,7,2,11.27271689
6945,8.66,40.7,2,954,89,6.88,7.07,7.09,6.91,7,2,11.27545662
6945,4.32,22.85,2,602,90,7.2,6.89,6.98,6.71,7,2,11.27819635
6945,10.92,29.24,2,769,91,7.17,7.28,7.28,7.1,7,2,11.28093607
6945,11.95,34.26,3,942,92,7.17,7.31,7.2,7.06,7,2,11.2836758
6945,5.7,30.44,1,700,93,7.33,7.28,6.79,7.49,7,2,11.28641553
6945,6.14,22.38,1,584,94,7.02,7.22,7.12,6.73,7,2,11.28915525
6945,11.88,41.31,3,974,95,7.31,7.42,7.55,7.05,7,2,11.29189498
6945,6.07,22.84,1,675,96,7.47,7.36,7.38,6.94,7,2,11.2946347
6945,11.7,40.25,2,846,97,6.93,7.31,7.36,7.01,7,2,11.29737443
6945,4.55,19.3,1,495,98,6.98,6.94,7.11,6.68,7,2,11.30011416
6945,11.76,43.28,4,2261,99,7.52,7.23,7.39,6.88,7,2,11.30285388
6945,4.3,13.94,1,417,100,6.57,6.71,6.5,6.66,7,2,11.30559361
6945,4.39,17.47,1,351,101,6.86,6.9,6.4,6.66,7,2,11.30833333
6945,4.57,7.87,1,206,102,7.08,6.86,7.28,6.77,7,3,11.31107306
6945,9.09,34.74,2,799,103,7.49,7.52,7.31,7.2,7,3,11.31381279
6945,4.97,21.09,2,1017,104,6.99,7.93,6.94,7.09,7,3,11.31655251
6945,8.43,29.54,2,1089,105,7.15,7.08,6.73,6.84,7,3,11.31929224
6945,7.95,40.81,2,1224,106,7.15,7.04,7.09,6.82,7,3,11.32203196
6945,9.1,15.08,2,346,107,6.78,6.59,6.7,6.61,7,3,11.32477169
6945,9.07,34.25,2,881,108,7.25,7.28,7.23,7.09,7,3,11.32751142
6945,8.01,30.1,2,929,109,7.55,7.31,6.98,6.98,7,3,11.33025114
6945,5,13.61,3,560,110,7.68,7.28,7.2,0,7,3,11.33299087
6945,11.98,42.28,3,1216,111,7.6,7.47,7.36,7.41,7,3,11.33573059
6945,10.54,28.57,3,699,112,7.41,7.44,7.36,7.23,7,3,11.33847032
6945,4.55,14.52,1,375,113,7.52,7.37,7.07,7.2,7,3,11.34121005
6945,9,28.1,2,720,114,7.42,6.95,7.02,6.88,7,3,11.34394977
6945,9.14,35.17,3,1266,115,7.55,7.25,7.31,7.36,7,3,11.3466895
6945,9.73,27.77,2,677,116,7.38,7.07,6.99,6.98,7,3,11.34942922
6945,9.12,31.44,2,744,117,7.25,7.19,7.01,6.86,7,3,11.35216895
6945,7.33,23.67,3,564,118,7.33,7.04,7.22,7.34,7,3,11.35490868
6945,8.93,31.54,2,1290,119,7.3,7.09,7.23,6.77,7,3,11.3576484
6945,8.55,28.95,3,818,120,6.93,6.97,7.06,6.75,7,3,11.36038813
6945,4.28,17.36,1,714,121,7.09,7.26,6.84,6.66,7,3,11.36312785
6945,8.54,30.85,2,762,122,7.71,7.33,7.44,7.05,7,3,11.36586758
6945,7.8,29.42,3,863,123,7.31,7.1,7.25,6.88,7,3,11.36860731
6945,8.49,28.34,3,1025,124,7.25,7.93,7.15,7.09,7,3,11.37134703
6945,7.43,24.68,2,773,125,7.68,7.26,7.33,7.31,7,3,11.37408676
6945,8.55,29.38,2,932,126,6.98,7.41,7.09,6.7,7,3,11.37682648
6945,7.64,25.91,2,990,127,7.96,7.74,7.6,7.79,7,3,11.37956621
6945,4.57,16.54,1,334,128,7.02,7.07,6.73,6.93,7,3,11.38230594
6945,11.91,38.41,4,1274,129,7.61,7.19,7.1,7.25,7,3,11.38504566
6945,7.45,24.46,2,774,130,7.33,7.12,7.11,7.03,7,3,11.38778539
6945,7.71,26.07,3,783,131,7.3,6.95,7.02,6.75,7,3,11.39052511
6945,8.39,28.04,3,937,132,6.98,7.2,7.31,6.96,7,3,11.39326484
6945,7.63,27.27,2,727,133,7.15,6.93,6.93,6.57,7,4,11.39600457
6945,6.74,19.15,2,753,134,7.1,6.91,6.75,6.9,7,4,11.39874429
6945,4.57,7.13,1,218,135,6.73,6.59,6.52,6.77,7,4,11.40148402
6945,7.73,23.55,3,793,136,7.71,8.03,7.28,8.02,7,4,11.4043379
6945,10.51,27.6,3,775,137,8.59,8.97,8.53,8.76,7,4,11.40707763
6945,4.5,14.64,1,374,138,8.04,7.92,7.98,7.96,7,4,11.40981735
6945,10.13,32.86,2,896,139,7.99,7.78,8.22,7.52,7,4,11.41255708
6945,10.65,26.35,4,966,140,7.47,7.47,7.28,7.23,7,4,11.4152968
6945,8.74,25.02,2,705,141,7.47,7.44,7.07,7.09,7,4,11.41803653
6945,7.83,21.59,2,786,142,7.47,7.44,7.07,7.04,7,4,11.42077626
6945,7.94,26.84,2,755,143,7.2,7.28,6.93,6.91,7,4,11.42351598
6945,8.42,25.3,2,631,144,7.39,7.47,7.01,7.09,7,4,11.42625571
6945,4.32,22.81,1,1177,145,7.07,7.17,6.99,6.77,7,4,11.42899543
6945,10.08,20.76,3,739,146,7.93,7.68,7.31,7.31,7,4,11.43173516
6945,7.81,27.08,2,846,147,7.36,7.49,7.15,7.28,7,4,11.43447489
6945,4.55,16.49,1,370,148,7.67,7.36,6.94,7.2,7,4,11.43721461
6945,8,23.15,3,748,149,7.25,6.91,6.7,6.84,7,4,11.43995434
6945,8.35,25.63,2,812,150,7.36,7.44,7.23,7.2,7,4,11.44269406
6945,8.4,24.68,2,767,151,7.58,7.44,7.28,7.31,7,4,11.44543379
6945,7.99,25.71,2,698,152,7.11,7.07,7.02,7.03,7,4,11.44817352
6945,2.52,25.55,2,798,153,7.33,7.49,7.12,7.2,7,4,11.45091324
6945,7.77,10.04,2,424,154,7.69,7,6.86,6.86,7,4,11.45365297
6945,9.07,27.66,2,1233,155,8.05,7.88,7.28,7.41,7,4,11.45639269
6945,9.14,26.95,2,798,156,7.33,7.39,7.17,7.2,7,4,11.45913242
6945,7.56,19.44,2,583,157,7.79,7.63,7.55,7.36,7,4,11.46187215
6945,7.88,23.19,2,547,158,7.39,7.15,7.39,6.93,7,4,11.46461187
6945,8.03,24.95,2,528,159,7.52,7.55,7.31,7.28,7,4,11.4673516
6945,7.17,27.13,3,925,160,7.12,6.96,6.75,6.88,7,4,11.47009132
6945,7.38,18.38,2,710,161,7.04,6.81,6.57,6.48,7,4,11.47283105
6945,8.77,23.55,2,625,162,7.41,7.81,7.2,7.04,7,4,11.47557078
6945,10.36,30.22,3,1117,163,7.3,7.7,6.99,6.75,7,5,11.4783105
6945,8,23.12,3,693,164,7.13,6.93,7.06,6.55,7,5,11.48105023
6945,8.57,27.8,4,785,165,7.32,6.99,6.84,6.98,7,5,11.48378995
6945,8.42,30.37,2,916,166,6.98,6.92,6.77,6.64,7,5,11.48652968
6945,7.88,27.05,2,1226,167,7.26,7.04,6.88,6.84,7,5,11.48926941
6945,9.07,34.66,2,1105,168,7.14,7.02,7.28,6.88,7,5,11.49200913
6945,4.57,14.06,2,824,169,7.14,7.23,6.43,6.48,7,5,11.49474886
6945,11.8,41.78,4,1133,170,7.04,6.92,6.73,6.66,7,5,11.49748858
6945,8.39,35.37,2,1111,171,6.91,7.02,6.63,6.66,7,5,11.50022831
6945,4.57,17.27,1,600,172,6.64,6.7,6.8,6.39,7,5,11.50296804
6945,7.57,36.76,3,1119,173,7.14,6.9,6.7,6.47,7,5,11.50570776
6945,10.72,36.42,2,932,174,6.92,6.88,6.43,6.38,7,5,11.50844749
6945,4.59,16.28,2,396,175,6.82,6.7,6.57,6.38,7,5,11.51118721
6945,9.03,32.49,3,1089,176,6.59,6.33,6.02,5.91,7,5,11.51392694
6945,11.96,42.99,3,1820,177,6.73,6.52,6.47,6.28,7,5,11.51666667
6945,7.93,30.67,2,927,178,6.79,6.45,6.39,6.23,7,5,11.51940639
6945,4.77,20.84,2,1240,179,7.47,6.82,6.24,6.54,7,5,11.52214612
6945,6.82,20.61,2,627,180,6.28,6.16,6.14,5.78,7,5,11.52488584
6945,8.5,27.75,2,1021,181,7.19,6.93,6.86,6.55,7,5,11.52762557
6945,7.94,33.03,2,823,182,6.93,6.88,6.73,6.71,7,5,11.5303653
6945,9.09,34.35,2,955,183,6.71,6.45,6.63,6.34,7,5,11.53310502
6945,9,35.72,3,1039,184,6.86,6.7,6.8,6.71,7,5,11.53584475
6945,7.63,27.34,3,864,185,6.81,6.55,6.43,6.34,7,5,11.53858447
6945,7.39,26.04,2,768,186,6.73,6.42,6.12,6.18,7,5,11.5413242
6945,9.14,29.95,2,1499,187,6.53,6.6,6.38,6.23,7,5,11.54406393
6945,9.14,32.25,2,877,188,6.53,6.38,6.38,6.45,7,5,11.54680365
6945,9.09,33.44,2,900,189,6.7,6.59,6.45,6.48,7,5,11.54954338
6945,4.54,18.71,1,329,190,6.71,6.66,6.54,6.3,7,5,11.55228311
6945,11.79,36.77,5,1799,191,6.36,6.51,6.11,5.8,7,5,11.55502283
6945,8.13,29.17,3,1506,192,6.59,6.66,6.3,6.23,7,5,11.55776256
6945,8.3,28.23,2,844,193,6.68,6.31,6.2,6.19,7,5,11.56050228
6945,8.22,30.33,3,840,194,6.82,6.86,6.66,6.43,7,6,11.56324201
6945,8.38,27.18,2,760,195,6.57,6.47,6.42,6.14,7,6,11.56598174
6945,8.35,27.95,2,803,196,6.93,7.05,6.79,6.52,7,6,11.56872146
6945,8.54,32.14,3,791,197,7.09,7.31,6.98,6.9,7,6,11.57146119
6945,4.61,17.87,2,389,198,7.15,6.94,6.71,6.61,7,6,11.57420091
6945,11.43,33.74,5,1014,199,6.22,6.34,6.18,6.31,7,6,11.57694064
6945,4.57,30.19,1,926,200,6.79,6.59,6.57,6.61,7,6,11.57968037
6945,11.85,24.88,3,1140,201,6.5,6.63,6.35,6.11,7,6,11.58242009
6945,8.55,25.39,2,1059,202,7.2,7.28,6.78,6.55,7,6,11.58515982
6945,8.17,25.16,2,830,203,6.55,6.53,6.35,6.16,7,6,11.58789954
6945,4.55,13.26,1,836,204,6.55,6.78,6.08,6.05,7,6,11.59063927
6945,4.57,12.18,1,808,205,6.41,5.85,5.96,5.8,7,6,11.593379
6945,8.96,31.69,2,989,206,7.15,6.75,6.43,6.5,7,6,11.59611872
6945,8.89,27.23,3,808,207,7.36,7.09,6.86,6.66,7,6,11.59885845
6945,8.84,24.71,2,805,208,6.91,6.68,6.51,6.45,7,6,11.60159817
6945,4.53,16.59,2,396,209,6.9,6.64,6.46,6.45,7,6,11.6043379
6945,9.01,29.85,2,736,210,7.41,7.37,6.7,6.8,7,6,11.60707763
6945,8.54,31.7,2,686,211,7.57,7.42,7.36,7.04,7,6,11.60981735
6945,4.57,15.28,1,314,212,6.94,6.68,6.66,6.39,7,6,11.61255708
6945,9.06,31.27,2,858,213,7.11,6.55,6.23,6.23,7,6,11.6152968
6945,8.28,26.09,2,820,214,7.38,7.05,6.89,6.93,7,6,11.61803653
6945,4.55,15.61,1,565,215,7.36,7.03,7.11,6.59,7,6,11.62077626
6945,8.87,26.45,2,1217,216,6.77,6.27,6.55,6.11,7,6,11.62351598
6945,8.96,28.57,2,1132,217,6.82,6.78,6.79,6.77,7,6,11.62625571
6945,8.36,29.71,2,1329,218,7.15,6.89,6.57,6.5,7,6,11.62899543
6945,4.54,23.82,1,941,219,6.55,6.28,6.22,6.08,7,6,11.63173516
6945,9.09,10.82,2,682,220,6.7,6.62,6.04,6.02,7,6,11.63447489
6945,6.78,26.21,2,722,221,7.15,7.19,6.84,6.8,7,6,11.63721461
6945,9.12,23.4,2,1897,222,6.57,7.19,6.27,6.05,7,6,11.63995434
6945,8.87,27.68,3,887,223,6.88,6.1,6.52,6.11,7,6,11.64269406
6945,4.52,13.93,1,233,224,6.61,6.42,6.52,6.22,7,7,11.64543379
6945,9.16,29.52,2,792,225,7.47,6.93,7.33,6.9,7,7,11.64817352
6945,8.34,28.59,2,729,226,7.08,6.88,6.7,6.5,7,7,11.65091324
6945,5.44,25.13,1,871,227,6.77,5.99,6.24,6.1,7,7,11.65365297
6945,9.35,13.32,2,310,228,7.2,6.43,6.36,6.24,7,7,11.65639269
6945,8.67,23.86,2,991,229,7.03,6.43,6.86,6.07,7,7,11.65913242
6945,4.55,24.89,1,454,230,7.36,7.63,6.84,7.2,7,7,11.66187215
6945,4.55,15.09,1,326,231,6.59,6.7,6.14,6.23,7,7,11.66461187
6945,8.63,22.32,4,602,232,6.81,6.68,6.47,6.55,7,7,11.6673516
6945,4.38,18.38,1,553,233,6.71,6.71,6.77,6.52,7,7,11.67009132
6945,4.54,15.81,1,300,234,6.88,6.91,6.59,6.28,7,7,11.67283105
6945,4.57,21.11,1,486,235,6.98,7.57,6.42,7.15,7,7,11.67557078
6945,9.09,23.12,4,564,236,6.68,6.78,6.48,6.55,7,7,11.6783105
6945,4.55,12.78,1,250,237,6.3,6.11,6.71,6.53,7,7,11.68105023
6945,4.57,16.08,1,226,238,6.88,6.8,6.88,6.75,7,7,11.68378995
6945,8.55,25.69,2,809,239,7.28,7.07,6.51,7.09,7,7,11.68652968
6945,4.45,15.39,1,264,240,7.52,7.58,7.17,7.06,7,7,11.68926941
6945,8.21,23.58,3,609,241,6.8,6.75,6.3,6.55,7,7,11.69200913
6945,4.57,11.71,1,171,242,7.89,7.42,6.84,7.15,7,7,11.69474886
6945,9.67,28.3,3,649,243,7.49,7.36,7.01,7.04,7,7,11.69748858
6945,10.3,23.16,3,1334,244,6.92,7.55,6.77,6.55,7,7,11.70022831
6945,5.17,14.17,1,427,245,7.11,6.86,7.1,6.66,7,7,11.70296804
6945,8.25,26.29,2,559,246,7.73,7.63,7.03,7.39,7,7,11.70570776
6945,8.51,19.93,3,571,247,6.5,5.87,6.24,6.16,7,7,11.70844749
6945,8.79,23.71,3,858,248,6.76,5.89,6.15,5.8,7,7,11.71118721
6945,4.54,10.93,1,733,249,7.31,0,6.7,6.9,7,7,11.71392694
6945,8.88,31.81,2,744,250,6.88,6.93,6.8,6.57,7,7,11.71666667
6945,4.55,15.96,1,478,251,6.84,6.66,6.28,6.18,7,7,11.71940639
6954,3,4.82,1,262,1,0,0,0,0,8,5,11.45639269
6954,3.82,6.21,1,475,2,5.96,6.09,6.08,6.22,8,5,11.45913242
6954,4.7,7.45,1,329,3,6.5,6.66,6.55,6.35,8,5,11.46187215
6954,2.26,6.4,1,123,4,6.78,6.57,6.34,6.5,8,5,11.46461187
6954,10.12,16.37,3,484,5,6.84,6.49,6.64,6.45,8,5,11.4673516
6954,9.3,20.25,3,427,6,6.82,6.91,6.59,6.77,8,5,11.47009132
6954,5.8,20.34,1,543,7,6.89,6.85,6.81,6.9,8,5,11.47283105
6954,9.52,37.34,2,635,8,7.63,7.36,7.39,7.81,8,5,11.47557078
6954,8.92,36.43,3,591,9,7.18,7.47,7.17,7.2,8,5,11.4783105
6954,8.82,31.9,2,636,10,6.81,6.86,7.02,6.98,8,5,11.48105023
6954,9.54,31.92,3,627,11,6.87,6.78,6.57,6.93,8,5,11.48378995
6954,10.35,36.14,4,1002,12,7.05,6.94,6.88,7.15,8,5,11.48652968
6954,8.67,31.95,2,532,13,6.72,6.75,6.89,6.88,8,5,11.48926941
6954,10.04,40.27,2,610,14,6.93,6.8,6.73,6.82,8,5,11.49200913
6954,9.84,40.8,2,739,15,6.77,6.96,6.88,6.91,8,5,11.49474886
6954,8.11,36.46,3,642,16,6.71,6.57,6.9,6.68,8,5,11.49748858
6954,9.94,38.61,2,815,17,6.48,7.12,6.52,6.71,8,5,11.50022831
6954,9.48,36.38,2,656,18,6.57,6.66,6.27,6.47,8,5,11.50296804
6954,9.42,38.05,2,659,19,6.22,6.4,6.31,6.45,8,5,11.50570776
6954,8.91,39.16,2,677,20,6.86,6.73,6.75,6.73,8,6,11.50844749
6954,6.5,43.1,2,788,21,6.7,6.68,6.75,6.68,8,6,11.51118721
6954,9,31.77,2,624,22,6.23,6.32,6.34,6.43,8,6,11.51392694
6954,8.97,34.69,2,662,23,6.55,6.64,6.63,6.93,8,6,11.51666667
6954,4.42,15.59,1,241,24,6.38,6.52,6.43,6.31,8,6,11.51940639
6954,9.06,33.28,3,682,25,10.1,9.25,9.73,8.57,8,6,11.52214612
6954,8.51,29.14,2,526,26,7.25,7.36,7.6,7.17,8,6,11.52488584
6954,8.41,36.1,3,611,27,6.99,6.89,7.08,6.79,8,6,11.52762557
6954,9.83,38.34,2,896,28,6.68,6.79,6.3,6.77,8,6,11.5303653
6954,8.9,39.08,4,646,29,6.53,7.18,6.63,6.82,8,6,11.53310502
6954,7.13,35.85,2,604,30,6.68,6.38,6.45,6.66,8,6,11.53584475
6954,9.66,38.76,3,705,31,6.7,6.61,6.32,6.41,8,6,11.53858447
6954,9.58,35.73,3,601,32,6.42,6.49,6.22,6.38,8,6,11.5413242
6954,8.51,31.85,2,627,33,6.27,6.34,6.45,6.24,8,6,11.54406393
6954,8.71,34.53,2,659,34,6.48,6.38,6.14,6.28,8,6,11.54680365
6954,8.76,37.45,3,599,35,6.23,6.27,6.3,6.31,8,6,11.54954338
6954,9.12,35.98,3,619,36,6.59,6.48,6.35,6.45,8,6,11.55228311
6954,10.86,41.32,3,971,37,6.48,6.45,6.27,6.28,8,6,11.55502283
6954,8.84,34.77,2,661,38,6.39,6.57,6.66,6.68,8,6,11.55776256
6954,9.98,40.69,2,723,39,6.7,6.9,6.86,6.89,8,6,11.56050228
6954,8.84,33.97,2,727,40,6.45,6.38,6.28,6.14,8,6,11.56324201
6954,8.76,36.93,2,599,41,6.36,6.48,6.42,6.19,8,6,11.56598174
6954,9.46,37.43,2,621,42,6.98,6.52,6.63,7.04,8,6,11.56872146
6954,8.98,37.02,2,857,43,5.69,6.08,6.48,6.36,8,6,11.57146119
6954,9.5,38.39,2,1062,44,6.32,6.6,6.19,6.28,8,6,11.57420091
6954,8.27,34.84,2,1340,45,6.12,6.48,6.27,6.18,8,6,11.57694064
6954,10.01,38.7,3,765,46,6.12,6.22,6.03,6.16,8,6,11.57968037
6954,9.06,36.03,3,557,47,6.43,6.52,6.54,6.57,8,6,11.58242009
6954,9.42,34.82,2,772,48,6.15,6.43,6.59,6.39,8,6,11.58515982
6954,9.29,34.22,4,619,49,6.3,6.34,6.28,6.34,8,6,11.58789954
6954,9.46,33.72,3,641,50,6.15,6.28,6,6.34,8,7,11.59063927
6954,9.33,35.81,3,612,51,6.15,6.31,6.31,6.48,8,7,11.593379
6954,11.01,43.2,3,847,52,6.55,6.54,6.26,6.51,8,7,11.59611872
6954,10.53,34.62,3,685,53,6.3,6.45,6.35,6.45,8,7,11.59885845
6954,8.96,31.33,2,664,54,6.48,6.44,6,6.32,8,7,11.60159817
6954,9.33,34.14,2,588,55,6.57,6.47,6.66,6.71,8,7,11.6043379
6954,9.82,35.77,3,589,56,6.93,6.78,6.9,6.78,8,7,11.60707763
6954,5.04,23.89,1,612,57,5.38,6.64,5.59,7.09,8,7,11.60981735
6954,9.94,33.4,3,558,58,6.34,6.43,6.54,6.45,8,7,11.61255708
6954,9.52,31.85,2,700,59,7.04,7.05,6.52,6.93,8,7,11.6152968
6954,9.5,33.26,3,809,60,6.64,6.71,6.7,6.66,8,7,11.61803653
6954,10.12,34.41,2,1072,61,6.49,6.64,6.68,6.88,8,7,11.62077626
6954,8.08,26.87,2,626,62,6.15,6.89,6.36,6.61,8,7,11.62351598
6954,10.04,32.46,2,583,63,6.54,6.54,6.24,6.66,8,7,11.62625571
6954,10.66,30.18,2,475,64,6.79,6.66,6.61,6.61,8,7,11.62899543
6954,9.36,29.88,3,547,65,6.23,6.66,6.45,6.52,8,7,11.63173516
6954,10.06,32.37,2,840,66,6.64,6.59,6.43,6.61,8,7,11.63447489
6954,9.94,27.7,2,471,67,6.66,7.04,6.8,6.57,8,7,11.63721461
6954,4.76,16.64,1,214,68,6.84,6.66,6.66,6.66,8,7,11.63995434
6954,10.91,40.82,2,588,69,6.53,6.75,7.02,6.66,8,7,11.64269406
6954,5.76,17.63,1,276,70,6.5,6.88,6.82,6.79,8,7,11.64543379
6954,9.21,31.11,3,503,71,6.32,6.96,6.23,6.59,8,7,11.64817352
6954,11.98,38.37,3,918,72,6.48,6.5,6.43,6.52,8,7,11.65091324
6954,4.92,21.6,1,349,73,6.1,6.31,6.09,6.52,8,7,11.65365297
6954,11.65,50.03,4,1335,74,6.52,6.33,6.12,6.28,8,7,11.65639269
6954,6.4,15.91,2,245,75,6.63,6.55,6.18,6.39,8,7,11.65913242
6954,11.6,48.6,4,904,76,6.42,6.5,6.27,6.39,8,7,11.66187215
6954,7.51,16.13,3,259,77,6.2,6.18,5.9,6.11,8,7,11.66461187
6969,0.71,8.88,1,774,1,6.31,0,7.44,8.11,3,12,4.190525114
6969,1.97,14.72,1,1285,2,6.31,5.1,6.54,7.09,3,12,4.19326484
6969,2.69,12.88,2,796,3,6.73,6.77,6.66,6.82,3,12,4.196004566
6969,8.88,15.89,4,1171,4,6.59,0,6.64,6.45,3,12,4.198744292
6969,10.15,20.19,3,799,5,6.06,6.27,6.11,6.07,3,12,4.201484018
6969,11.82,16.93,4,811,6,7.36,7.2,7.07,6.55,3,12,4.204223744
6969,10.2,17.4,2,733,7,7.26,7.04,6.83,6.36,3,12,4.20696347
6969,9.29,21.2,4,734,8,7.23,7.02,6.77,6.77,3,12,4.209703196
6969,9.86,7.58,4,343,9,7.01,6.86,6.63,0,3,12,4.212442922
6969,11.06,23.26,3,944,10,7.09,6.97,7.28,6.91,3,12,4.215182648
6969,7.1,21.4,2,820,11,6.71,6.95,6.54,6.55,3,12,4.217922374
6969,7.24,17.65,3,553,12,6.98,6.54,6.55,6.43,3,12,4.2206621
6969,7.2,20.74,2,959,13,6.75,6.57,6.77,6.64,3,12,4.223401826
6969,7.07,19.42,2,653,14,6.86,6.57,6.96,6.47,3,12,4.226141553
6969,7.56,21.8,2,684,15,6.55,6.5,6.88,6.63,3,12,4.228881279
6969,10.02,25.78,3,832,16,6.72,6.37,6.68,6.82,3,12,4.231621005
6969,11.85,25.38,3,793,17,6.42,6.72,6.47,6.45,3,12,4.234360731
6969,5.8,16.08,1,508,18,6.63,6.26,6.24,6.16,3,12,4.237100457
6969,11.16,28.91,2,990,19,6.43,6.23,6.46,6.23,3,12,4.239840183
6969,5.2,12.08,1,457,20,6.24,5.98,5.97,6,3,12,4.242579909
6969,5.04,16.46,1,412,21,6.55,6.45,6.71,6.52,3,12,4.245319635
6969,4.92,18.04,1,506,23,6.86,7.52,6.56,7.36,3,12,4.250799087
6969,9.18,23.79,3,1068,24,6.09,6.61,6.35,6.5,3,12,4.253538813
6969,8.23,14.26,2,733,31,6.55,6.61,6.55,6.35,3,12,4.272716895
6969,9.11,25.77,2,1053,32,6.71,6.66,6.73,6.55,3,1,4.275456621
6969,8.98,23.82,2,1237,33,6.64,6.51,6.24,6.5,3,1,4.278196347
6969,4.52,18.36,1,553,34,6.77,6.48,6.36,6.14,3,1,4.280936073
6969,8.94,27.41,2,902,35,6.61,6.89,6.36,6.39,3,1,4.283675799
6969,8.86,25.13,3,876,36,6.66,6.57,6.63,6.36,3,1,4.286415525
6969,4.57,14.37,1,911,37,6.55,6.39,6.45,6.35,3,1,4.289155251
6969,4.55,19.07,1,655,38,6.57,6.89,6.7,6.68,3,1,4.291894977
6969,9.1,21.77,2,1440,39,7.25,6.97,6.95,6.8,3,1,4.294634703
6969,4.42,13.44,2,601,40,6.71,6.42,6.57,6.32,3,1,4.297374429
6969,8.68,22.64,2,1038,41,6.32,6.23,6.04,6.02,3,1,4.300114155
6969,9.12,28.85,3,1105,42,6.66,6.77,6.88,6.57,3,1,4.302853881
6969,4.54,15.04,1,593,43,6.81,6.44,6.27,6.32,3,1,4.305593607
6969,9.11,28.7,3,977,44,6.77,6.54,6.59,6.28,3,1,4.308333333
6969,7.97,22.62,3,901,45,6.88,6.72,6.94,6.98,3,1,4.311073059
6969,8.13,21.18,3,681,46,6.45,6.34,6.41,6.39,3,1,4.313812785
6969,9.08,25.51,3,1432,47,6.64,6.59,6.46,6.39,3,1,4.316552511
6969,8.21,23.1,2,976,48,6.28,6.34,6.39,6.24,3,1,4.319292237
6969,9.14,27.19,2,964,49,6.71,6.5,6.57,6.66,3,1,4.322031963
6969,7.76,21.17,3,846,50,7.04,6.64,6.73,6.56,3,1,4.324771689
6969,8.35,24,2,2301,51,6.96,6.28,6.57,6.39,3,1,4.327511416
6969,4.53,0.17,2,481,52,0,0,0,0,3,1,4.330251142
6969,8.24,22.94,2,1071,53,6.48,6.54,6.54,6.5,3,1,4.332990868
6969,9.08,29.49,2,1035,54,6.5,6.33,6.38,6.23,3,1,4.335730594
6969,3.96,10.13,1,402,55,6.32,6.24,6.43,6.15,3,1,4.33847032
6969,8.42,28.21,2,1036,56,6.73,6.59,6.54,6.5,3,1,4.341210046
6969,9.34,29.87,2,1691,57,6.82,6.82,6.91,6.68,3,1,4.343949772
6969,8.89,26.49,2,1165,58,6.43,6.16,6.14,6.28,3,1,4.346689498
6969,8.76,24.92,3,995,59,7.02,6.96,6.73,6.88,3,1,4.349429224
6969,5.07,17.76,2,692,60,6.82,6.48,6.42,6.3,3,1,4.35216895
6969,8.89,21.04,2,2154,61,6.37,5.97,6.27,5.85,3,1,4.354908676
6969,9.08,21.73,2,1016,62,6.92,6.55,6.86,6.45,3,1,4.357648402
6969,8.32,20,3,1087,63,6.47,6.42,6.61,6.41,3,2,4.360388128
6969,7.98,24.32,3,1074,64,6.38,6.04,6.52,6.45,3,2,4.363127854
6969,8.49,24.79,3,1202,65,6.52,6.28,6.54,6.5,3,2,4.36586758
6969,9.14,30.02,3,1114,66,6.59,6.45,6.64,6.45,3,2,4.368607306
6969,4.55,15.2,1,600,67,6.05,5.93,6.2,6.18,3,2,4.371347032
6969,8.71,24.68,2,1179,68,6.35,6.22,6.41,6.35,3,2,4.374086758
6969,8.95,24.42,2,981,69,6.5,6.45,6.66,6.46,3,2,4.376826484
6969,8.48,25.42,3,1211,70,6.66,6.32,6.36,6.24,3,2,4.37956621
6969,8.86,24.53,4,1417,71,6.66,6.46,6.64,6.36,3,2,4.382305936
6969,8.97,25.48,2,1090,72,6.61,6.61,6.59,6.52,3,2,4.385045662
6969,8.62,25.08,3,1043,73,6.45,6.43,6.71,6.48,3,2,4.387785388
6969,8.73,25.78,2,1199,74,6.52,6.23,6.32,6.28,3,2,4.390525114
6969,8.55,24.52,2,1088,75,6.48,6.28,6.54,6.39,3,2,4.39326484
6969,4.92,25.92,3,1334,76,6.52,6.12,6.44,6.15,3,2,4.396004566
6969,7.32,9.25,2,367,77,5.92,5.71,5.7,5.74,3,2,4.398744292
6969,9.12,29.26,3,1254,78,6.93,6.82,6.91,6.63,3,2,4.401484018
6969,4.49,15.67,1,635,79,6.35,6.22,6.3,6.35,3,2,4.404223744
6969,11.87,33.95,5,2187,80,6.79,6.34,6.59,6.41,3,2,4.40696347
6969,8.63,20.59,2,1213,81,6.5,6.45,6.88,6.73,3,2,4.409703196
6969,4.54,10.79,1,347,82,6.34,6.27,6.27,6.23,3,2,4.412442922
6969,4.43,21.54,1,752,83,6.96,7.86,7.18,8.22,3,2,4.415182648
6969,4.57,12.87,1,541,84,6.45,6.5,6.61,6.41,3,2,4.417922374
6969,9.08,28.5,3,1610,85,7.41,7.47,7.17,6.78,3,2,4.4206621
6969,9.09,25.11,2,1440,86,6.5,6.32,6.55,6.38,3,2,4.423401826
6969,5.55,22.26,2,1491,87,7.2,6.93,6.96,6.84,3,2,4.426141553
6969,7.38,10.4,2,509,88,6.45,6.54,6.66,6.54,3,2,4.428881279
6969,11.54,30.52,3,1563,89,6.73,7.01,6.52,6.45,3,2,4.431621005
6969,8.67,21.94,2,983,90,6.05,5.94,6.23,5.96,3,2,4.434360731
6969,4.89,11.42,2,953,91,6.5,6.26,6.19,6.27,3,2,4.437100457
6969,9.04,24.99,2,1285,92,6.88,6.66,6.64,6.46,3,3,4.439840183
6969,8.12,21.87,3,1070,93,6.82,6.19,6.27,6.04,3,3,4.442579909
6969,11.67,32.77,5,2005,94,6.48,6.55,6.48,6.34,3,3,4.445319635
6969,8.39,18.38,4,882,95,6.52,6.23,6.45,6.28,3,3,4.448059361
6969,4.26,10.16,1,365,96,6.37,6.03,5.85,6,3,3,4.450799087
6969,8.39,20.59,2,1039,97,6.22,6.49,6.1,6.12,3,3,4.453538813
6969,9.01,20.76,3,1730,98,6.64,6.54,6.59,6.23,3,3,4.456278539
6969,8.22,18.36,2,923,99,6.5,6.54,6.38,6.45,3,3,4.459018265
6969,9.1,24.62,2,1850,100,6.77,6.52,6.73,6.34,3,3,4.461757991
6969,8.27,17.71,3,788,101,7.21,6.57,6.68,6.77,3,3,4.464497717
6969,9.09,21,3,952,102,6.82,6.75,6.88,6.59,3,3,4.467237443
6969,8.21,18.3,2,871,103,6.88,6.7,6.94,6.93,3,3,4.469977169
6969,8.35,20.88,2,1040,104,7.05,6.73,7.03,6.79,3,3,4.472716895
6969,8.9,21.29,3,872,105,6.5,6.48,6.61,6.48,3,3,4.475456621
6969,8.5,21.43,4,883,106,6.53,6.28,6.39,6.41,3,3,4.478196347
6969,9.09,12.81,2,741,107,6.48,6.18,6.32,6.12,3,3,4.480936073
6969,5.2,15.1,2,883,108,6.82,6.59,6.63,6.45,3,3,4.483675799
6969,8.02,18.45,2,964,109,6.61,6.45,6.63,6.45,3,3,4.486415525
6969,9.1,22.15,2,1395,110,6.39,6.41,6.3,6.46,3,3,4.489155251
6969,7.62,15.91,3,619,111,6.92,6.54,6.43,6.48,3,3,4.491894977
6969,8.51,20.32,3,1026,112,6.53,6.52,5.99,6.23,3,3,4.494634703
6969,8.5,21.8,2,1131,113,6.53,6.95,6.31,6.34,3,3,4.497374429
6969,8.53,21.24,3,990,114,6.57,6.18,6.22,6.12,3,3,4.500114155
6969,8.68,21.07,2,936,115,6.64,6.1,6.1,6.23,3,3,4.502853881
6969,8.82,20.14,2,1243,116,6.59,6.39,6.22,6.07,3,3,4.505593607
6969,8.73,20.83,3,1335,117,6.34,6.31,6.16,6.28,3,3,4.508333333
6969,7.37,16.84,2,1233,118,6.33,6.26,6.26,6.39,3,3,4.511073059
6969,7.82,24.16,3,1698,119,6.91,7.39,6.7,6.47,3,3,4.513812785
6969,6.94,16.09,2,902,120,6.43,6.73,6.5,6.27,3,3,4.516552511
6969,8.21,20.89,2,1078,121,6.63,7,6.32,6.34,3,3,4.519292237
6969,7.75,18.96,2,1484,122,6.44,6.86,6.31,6.55,3,3,4.522031963
6969,8,19.08,3,1537,123,6.59,6.54,6.38,6.23,3,4,4.524771689
6969,8.35,22.02,3,999,124,6.5,6.11,6.31,6.14,3,4,4.527511416
6969,8.29,18.27,2,1161,125,6.99,6.66,6.72,6.63,3,4,4.530251142
6969,8.54,22.61,3,984,126,7.08,7.06,6.54,6.48,3,4,4.533105023
6969,8.1,20.41,2,1002,127,6.93,6.98,6.93,6.79,3,4,4.535844749
6969,8.34,20.98,2,1035,128,6.75,6.55,6.59,6.5,3,4,4.538584475
6969,7.79,17.03,2,716,129,6.63,6.45,6.27,6.1,3,4,4.541324201
6969,9.12,19.67,3,997,130,6.77,6.5,6.9,6.66,3,4,4.544063927
6969,8.27,19.14,4,803,131,6.42,6.03,6.16,6.12,3,4,4.546803653
6969,7.58,16.09,2,1125,132,7.07,6.7,6.75,6.71,3,4,4.549543379
6969,9.14,20.58,2,1371,133,6.61,6.38,6.68,6.45,3,4,4.552283105
6969,7.79,17.86,3,904,134,6.52,6.23,6.32,6.28,3,4,4.555022831
6969,8.46,18.07,2,817,135,6.37,6.38,6.43,6.45,3,4,4.557762557
6969,9.1,19.26,2,880,136,6.4,6.23,6.52,6.12,3,4,4.560502283
6969,9.3,17.03,4,867,137,6.45,6.27,6.16,6.12,3,4,4.563242009
6969,10.14,19.44,2,1657,138,6.04,6.31,6.31,6.39,3,4,4.565981735
6969,8.56,13.52,2,813,139,6.28,6.22,6.23,6.32,3,4,4.568721461
6969,10.16,19.17,3,1232,140,6.59,6.43,6.54,6.39,3,4,4.571461187
6969,8,16.1,2,1038,141,7.08,6.44,6.38,6.43,3,4,4.574200913
6969,9.36,19.55,2,1038,142,6.45,6.06,6.1,5.93,3,4,4.576940639
6969,9.4,19.06,2,1240,143,6.98,6.73,6.73,6.63,3,4,4.579680365
6969,8.98,19.06,2,839,144,6.36,6.15,6.53,6.19,3,4,4.582420091
6969,9.98,19.35,3,864,145,6.36,6.38,6.16,6.23,3,4,4.585159817
6969,9.86,17.71,2,1177,146,6.64,6.28,6.16,6.28,3,4,4.587899543
6969,8.91,18.14,2,841,147,6.87,6.36,6.42,6.55,3,4,4.590639269
6969,9.21,16.91,3,923,148,6.23,6.15,6.14,6.05,3,4,4.593378995
6969,9,18.34,3,814,149,6.98,6.57,6.48,6.55,3,4,4.596118721
6969,5.36,19.33,2,1205,150,6.02,6.52,6.48,6.15,3,4,4.598858447
6969,9.64,11.62,2,614,151,6.39,5.95,5.84,5.88,3,4,4.601598174
6969,9.02,19.07,2,821,152,6.89,6.84,6.49,6.61,3,4,4.6043379
6969,11.94,24.89,3,1523,153,7.15,6.71,6.66,6.47,3,5,4.607077626
6969,7.26,15.88,2,681,154,6.49,6.37,6.36,6.45,3,5,4.609817352
6969,9.16,20.15,2,688,155,6.2,6.6,6.1,6.18,3,5,4.612557078
6969,8.32,18.04,2,810,156,6.82,6.64,6.79,6.54,3,5,4.615296804
6969,9.62,25.6,2,1207,157,6.7,6.36,6.26,6.39,3,5,4.61803653
6969,9.7,20.08,2,821,158,6.14,6.07,6.3,5.96,3,5,4.620776256
6969,9.38,21.04,2,1315,159,6.59,6.23,6.24,6.07,3,5,4.623515982
6969,9.16,22.3,2,951,160,6.35,6.2,6.19,6.15,3,5,4.626255708
6969,9.82,24.64,2,948,161,6.7,6.46,6.54,6.36,3,5,4.628995434
6969,8.88,20.99,2,893,162,6.2,5.87,6,5.91,3,5,4.63173516
6969,5.1,22.37,1,972,163,5.85,5.91,5.93,5.76,3,5,4.634474886
6969,8.56,15,3,1372,164,6.02,5.52,5.57,5.85,3,5,4.637214612
6969,8.48,17.24,2,904,165,6.31,6.23,6.27,6.07,3,5,4.639954338
6969,9.04,22.12,2,1240,166,6.18,6,5.95,5.96,3,5,4.642694064
6969,9,22.83,3,1316,167,6.26,5.92,5.85,5.95,3,5,4.64543379
6969,9.1,21.12,2,1023,168,6.04,6.43,5.99,6.02,3,5,4.648173516
6969,8.16,21.62,2,1089,169,6.26,6.03,6,6.07,3,5,4.650913242
6969,8.82,16.48,2,931,170,6.3,6.28,6.02,6.23,3,5,4.653652968
6969,8.68,20.38,3,1011,171,6.31,5.97,6.06,6.07,3,5,4.656392694
6969,9.08,20.34,2,1487,172,6.31,6.16,6.06,6.28,3,5,4.65913242
6969,10,22.21,2,1200,173,6.48,6.32,6.48,6.5,3,5,4.661872146
6969,9.66,21.09,2,890,174,5.98,6.2,6.19,5.96,3,5,4.664611872
6969,9.9,22.71,3,996,175,5.89,5.84,6.09,5.92,3,5,4.667351598
6969,9.65,20.69,2,719,176,6.32,6.27,5.92,6.18,3,5,4.670091324
6969,8.55,18.79,2,832,177,5.94,5.78,5.98,5.92,3,5,4.67283105
6969,9.84,18.45,2,717,178,6.22,6.17,5.88,6.07,3,5,4.675570776
6969,5.11,20.68,3,930,179,6.27,5.95,5.83,5.85,3,5,4.678310502
6969,6.97,16.92,2,715,180,5.95,5.74,5.59,5.59,3,5,4.681050228
6969,7.61,20.04,2,795,181,6.26,6.07,6.06,5.96,3,5,4.683789954
6969,7.3,19.24,2,725,182,6.41,6.07,6.07,6.07,3,5,4.68652968
6969,7.44,21.69,3,846,183,6.26,6.05,6.31,6.08,3,5,4.689269406
6969,7.39,22.24,3,998,184,6.48,6.4,6.04,6.18,3,6,4.692009132
6969,7.84,21.13,3,1322,185,6.27,6.09,6.31,6.34,3,6,4.694748858
6969,7.11,21.88,2,1247,186,6.07,5.96,6.02,5.97,3,6,4.697488584
6969,7.09,20.62,2,945,187,5.91,5.85,5.96,5.7,3,6,4.700228311
6969,2.56,12.91,2,534,188,6.15,6.11,6.27,6.12,3,6,4.702968037
6969,7.84,17.46,3,974,189,6.26,5.89,6.2,5.76,3,6,4.705707763
6969,7.44,12.25,4,1126,190,6.09,6.02,5.58,5.75,3,6,4.708447489
6969,6.26,16.45,2,1014,191,6.77,6.27,6.32,6.09,3,6,4.711187215
6969,8.91,15.16,3,692,192,6.48,6.55,6.31,6.26,3,6,4.713926941
6969,7.86,20.62,2,1086,193,6.63,6.6,6.15,6.18,3,6,4.716666667
6969,4.05,9,2,350,194,6.31,6.1,6.15,5.92,3,6,4.719406393
6969,8.05,22.08,2,848,195,6.12,5.9,6.07,5.95,3,6,4.722146119
6969,3.63,7.91,2,379,196,6.04,6.16,6.11,5.96,3,6,4.724885845
6969,7.79,22.32,3,1023,197,6.26,5.94,5.98,5.83,3,6,4.727625571
6969,7.37,17.18,2,865,198,6.23,6.11,6.28,6.16,3,6,4.730365297
6969,8.07,22.13,2,875,199,6.14,5.96,6.3,6.07,3,6,4.733105023
6969,7.79,22.84,2,853,200,5.99,6.02,6.03,5.91,3,6,4.735844749
6969,4,11.31,2,351,201,6.15,5.96,6.27,5.91,3,6,4.738584475
6969,8.05,19.23,2,791,202,6.96,9.4,6.75,6.31,3,6,4.741324201
6969,7.55,11.88,3,779,203,5.64,8.65,5.85,5.7,3,6,4.744063927
6969,7.79,16.42,2,689,204,6.45,9.83,6.34,6.08,3,6,4.746803653
6969,4.07,9.9,2,536,205,6.71,9.31,6.18,6.89,3,6,4.749543379
6969,7.37,17.63,2,704,206,6.63,7.52,6.16,5.94,3,6,4.752283105
6969,7.42,17.51,3,773,207,6.18,6.96,6.34,6.27,3,6,4.755022831
6969,3.79,15.6,1,448,208,6.26,7.16,6.11,6.18,3,6,4.757762557
6969,3.06,4.91,1,424,209,0,0,5.48,5.68,3,6,4.760502283
6969,6.3,12.79,2,866,210,6.39,6.54,4.57,5.71,3,6,4.763242009
6969,6.3,14.92,2,763,211,6.37,6.32,6.32,5.91,3,6,4.765981735
6969,6.31,15.15,2,782,212,6.46,6.48,6.19,6.14,3,6,4.768721461
6969,6.24,16.04,2,662,213,6.15,6.2,6.34,6.02,3,6,4.771461187
6969,6.14,19.37,2,852,214,6.18,6.32,6.06,5.8,3,7,4.774200913
6969,6.18,20.73,2,1101,215,6.04,6.32,5.89,5.69,3,7,4.776940639
6969,5.67,16.48,2,1112,216,6.38,6.04,6.15,6.02,3,7,4.779680365
6969,2.91,8.71,1,473,217,6.31,6.1,6.15,5.97,3,7,4.782420091
6969,5.99,15.44,2,1237,218,6.18,6.2,6.03,5.69,3,7,4.785159817
6969,3.02,11.68,1,479,219,6.34,6.06,6.23,6.16,3,7,4.787899543
6969,6.04,17.71,2,1101,220,6.71,6.28,6.05,6.02,3,7,4.790639269
6969,6.23,17.15,2,949,221,6.45,6.06,5.89,6.04,3,7,4.793378995
6969,5.87,15.1,2,830,222,6.19,5.75,6.41,5.96,3,7,4.796118721
6969,2.75,8.12,1,757,223,0,6.07,0,0,3,7,4.798858447
6969,6.75,18.67,4,716,224,6.39,6.15,6.47,6.39,3,7,4.801598174
6969,6.06,16.21,2,675,225,6.45,6.18,6.54,6.03,3,7,4.8043379
6969,3.1,14.25,2,576,226,6.04,5.56,5.79,5.64,3,7,4.807077626
6969,3.11,8.71,1,345,227,6.42,5.84,6.1,6.12,3,7,4.809817352
6969,6.19,14.48,2,813,228,6.42,5.99,6.07,6.18,3,7,4.812557078
6969,5.65,16.52,2,715,229,6.39,6.08,6.11,6.12,3,7,4.815296804
6969,5.2,13.98,2,636,230,6.39,6.02,6.45,6.16,3,7,4.81803653
6969,5.43,15.89,3,711,231,6.07,5.74,6.08,6.05,3,7,4.820776256
6969,5.96,17.56,2,752,232,6.34,6.12,6.5,6.19,3,7,4.823515982
6969,3.07,9.5,1,414,233,6.04,5.64,6.08,5.69,3,7,4.826255708
6969,5.25,15.58,2,770,234,6.42,6.37,6.48,6.08,3,7,4.828995434
6969,5.36,15.59,2,795,235,6.45,6.27,6.66,6.54,3,7,4.83173516
6969,5.21,16.03,2,939,236,6.12,5.85,6.19,5.94,3,7,4.834474886
6969,5.35,13.41,2,662,237,6.02,5.8,6.02,5.92,3,7,4.837214612
6969,6.14,17.66,3,797,238,6.28,5.82,6.24,5.9,3,7,4.839954338
6969,5.39,14.51,2,807,239,5.78,5.85,5.83,5.68,3,7,4.842694064
6969,3.04,19.2,1,1094,240,6.18,6,6.19,5.95,3,7,4.84543379
6969,6.11,7.96,2,338,241,5.85,5.69,5.91,5.76,3,7,4.848173516
7046,3.02,2.65,1,154,1,7.47,7.81,7.02,0,7,2,10.17956621
7046,4.05,1.11,1,36,2,8.33,10.42,0,9.73,7,2,10.18230594
7046,4.98,3.99,2,141,4,6.66,7.23,6.43,10.64,7,2,10.18778539
7046,6.14,5.95,1,144,5,7.03,7.65,6.91,7.09,7,2,10.19052511
7046,6.26,6.55,1,144,6,7.2,7.36,6.98,7.2,7,2,10.19326484
7046,5.69,5.39,1,111,7,7.1,7.62,6.86,7.25,7,2,10.19600457
7046,4,6.26,1,118,8,6.75,7.12,7.02,6.93,7,2,10.19874429
7046,3.93,7.31,2,243,9,0,0,0,0,7,2,10.20148402
7046,4.03,8.29,1,213,10,0,7.05,6.92,6.57,7,2,10.20422374
7046,4.03,7.01,1,116,12,6.61,7.33,5.85,6.45,7,3,10.2097032
7046,4,8.2,1,632,13,6.2,0,0,6.45,7,3,10.21244292
7046,6.04,5.56,1,142,14,6.54,7.71,6.19,6.55,7,3,10.21518265
7046,5.59,7.85,1,130,15,6.47,7.26,6.2,6.34,7,3,10.21792237
7046,5.24,22.57,1,252,16,6.4,7.95,7.17,7.63,7,3,10.2206621
7046,8.09,23.52,2,462,17,7.52,8.39,6.57,7.25,7,3,10.22340183
7046,4.77,5.86,2,111,18,6.89,7.11,6.8,6.82,7,3,10.22614155
7046,8.32,30.72,2,432,19,7.03,7.37,6.75,6.75,7,3,10.22888128
7046,4.39,12.41,2,163,20,6.86,7.41,6.8,6.55,7,3,10.231621
7046,4.62,15.55,3,194,21,6.41,6.43,6.41,6.35,7,3,10.23436073
7046,8.56,13.55,7,206,22,6.54,7.33,6.63,6.45,7,3,10.23710046
7046,4.12,3.66,1,70,23,6.77,11.71,6.86,6.95,7,3,10.23984018
7046,4.62,11.09,3,142,24,6.92,8.87,6.91,6.88,7,3,10.24257991
7046,4,2.98,1,110,25,7.14,8.61,7.65,7.41,7,3,10.24531963
7046,6.02,8.92,4,430,26,6.89,7.36,6.88,6.28,7,3,10.24805936
7046,4.31,16.81,1,220,27,7.28,8.47,7.92,7.1,7,3,10.25079909
7046,4.09,5.95,2,388,28,0,0,6.96,6.07,7,3,10.25353881
7046,4.06,3.92,1,243,29,6.75,8.47,0,6.68,7,3,10.25627854
7046,4.11,5.49,1,301,30,6.23,6.86,0,5.93,7,3,10.25901826
7046,4.08,5.13,2,179,31,6.23,8.02,0,6.16,7,3,10.26175799
7046,3.99,4.35,1,285,32,6.07,6.84,0,0,7,3,10.26449772
7046,4.06,4.15,1,222,33,0,6.66,0,6.35,7,3,10.26723744
7046,4.04,6.43,2,216,34,6.73,9.03,6.33,6.1,7,3,10.26997717
7046,4.05,8.4,1,204,35,7.44,8.31,6.59,6.73,7,3,10.27271689
7046,4.22,4.95,2,168,36,5.96,7.63,0,6.26,7,3,10.27545662
7046,4,8.28,1,171,37,8.17,8.03,9.89,6.75,7,3,10.27819635
7046,4,9.62,1,191,38,7.2,7.57,7.55,7.25,7,3,10.28093607
7046,4,4.67,1,197,41,6.93,7.42,0,6.55,7,3,10.28915525
7046,4.02,4.68,1,185,42,6.23,7.79,0,6.24,7,3,10.29189498
7046,4,5.91,1,167,43,6.63,6.64,0,6.35,7,4,10.2946347
7046,4,6.41,1,250,44,6.23,8.08,6.26,5.83,7,4,10.29737443
7046,3.95,4.81,1,166,45,6.23,6.96,0,5.8,7,4,10.30011416
7046,4,6.14,1,159,46,6.95,8.01,6.66,6.5,7,4,10.30296804
7046,4.02,4.56,1,148,47,6.63,7.31,0,6.34,7,4,10.30570776
7046,4.01,6.86,2,145,48,7.18,7.36,7.88,6.98,7,4,10.30844749
7046,4.62,3.79,1,212,49,5.98,7.41,0,5.96,7,4,10.31118721
7046,6.12,19.25,2,554,50,6.82,8.81,8.11,6.84,7,4,10.31392694
7046,11.75,19.91,3,433,51,7.41,7.74,6.75,7.28,7,4,10.31666667
7046,6.72,12.94,2,286,52,6.82,7.04,7.65,6.79,7,4,10.31940639
7046,6.08,15.1,2,227,53,7.09,7.47,7.22,6.52,7,4,10.32214612
7046,11.55,24.73,3,439,54,6.81,14.82,7.84,7.25,7,4,10.32488584
7046,6.12,6.35,1,178,55,7.2,9.3,6.55,7.11,7,4,10.32762557
7046,5.8,5.09,1,200,56,6.2,7.63,0,6.28,7,4,10.3303653
7046,5.08,4.08,2,224,57,6.32,6.95,0,6.05,7,4,10.33310502
7046,5.04,3.47,1,251,58,0,6.64,0,6.3,7,4,10.33584475
7046,5.08,0.66,1,28,59,0,6.73,0,6.45,7,4,10.33858447
7046,5.02,1.93,1,277,60,0,0,0,5.64,7,4,10.3413242
7046,5.08,4.78,2,226,61,6.48,10.68,0,6.88,7,4,10.34406393
7046,5.04,5.46,1,155,62,6.59,8.96,0,6.54,7,4,10.34680365
7046,5.08,4.87,1,245,63,6.09,8.39,0,6.18,7,4,10.34954338
7046,5.08,4.48,2,211,64,5.98,6.75,0,6.28,7,4,10.35228311
7046,5.06,4.3,1,268,65,0,5.87,5.73,6.07,7,4,10.35502283
7046,5.1,5.13,1,155,66,6.45,6.91,0,6.51,7,4,10.35776256
7046,5.04,3.38,1,292,67,5.47,0,0,6.18,7,4,10.36050228
7046,5.04,5.89,1,140,68,6.75,9.53,6.7,6.8,7,4,10.36324201
7046,5.08,4.97,1,116,69,6.19,7.89,6.26,7.15,7,4,10.36598174
7046,5.06,3.68,1,159,71,5.53,6.12,4.89,5.54,7,4,10.37146119
7046,5.55,4.55,1,275,72,5.7,6.64,6.84,6.4,7,4,10.37420091
7046,5.06,12.24,1,397,73,6.94,0,7.26,6.71,7,5,10.37694064
7046,10.1,21.74,2,470,74,6.57,16.06,6.73,6.24,7,5,10.37968037
7046,5.08,15.29,1,655,75,6.97,10.75,7.1,6.5,7,5,10.38242009
7046,5.08,5.42,1,126,76,6.34,8.33,0,6.24,7,5,10.38515982
7046,5.06,3.21,1,160,77,5.94,7.36,0,6.02,7,5,10.38789954
7046,5.06,5.72,1,284,78,6.23,7.19,5.54,6.11,7,5,10.39063927
7046,4.42,6.98,2,231,79,6.9,7.47,6.02,6.23,7,5,10.393379
7046,9.24,23.42,2,465,80,6.71,8.44,6.61,6.46,7,5,10.39611872
7046,5.06,5.54,1,239,81,6.07,9.83,0,5.57,7,5,10.39885845
7046,5.06,5.34,1,168,82,5.49,8.19,0,5.96,7,5,10.40159817
7046,5.08,4.95,1,246,83,5.47,6.32,5.16,5.69,7,5,10.4043379
7046,5.08,3.46,1,210,84,0,6.16,0,5.64,7,5,10.40707763
7046,5.38,5.79,2,280,85,5.91,6.98,5.91,5.92,7,5,10.40981735
7046,5.04,3.14,1,160,86,5.96,7.87,0,6.07,7,5,10.41255708
7046,5.36,18.06,2,261,87,6.73,7.73,6.91,6.5,7,5,10.4152968
7046,9.36,25.71,2,494,88,7.04,8.99,7.07,6.3,7,5,10.41803653
7046,9.5,27.42,3,522,89,7.17,7.9,6.83,6.34,7,5,10.42077626
7046,9.1,20.11,3,380,90,6.55,6.59,6.35,6.12,7,5,10.42351598
7046,4.98,15.45,1,198,91,6.23,7.02,6.88,6.64,7,5,10.42625571
7046,5.04,18.04,1,211,92,5.88,13.95,6.63,6.61,7,5,10.42899543
7046,9.91,27.53,2,548,93,6.68,8.45,6.3,6.35,7,5,10.43173516
7046,5.06,17.51,1,270,94,7.03,8.5,6.86,6.71,7,5,10.43447489
7046,5.04,18.46,1,439,95,6.34,7.63,6.68,6.82,7,5,10.43721461
7046,10.14,29.64,2,592,96,6.64,7.16,6.38,6.27,7,5,10.43995434
7046,5.08,10.66,1,145,97,6.15,6.32,5.85,6.12,7,5,10.44269406
7046,9.08,25.95,2,483,98,6.78,8.97,5.88,6.56,7,5,10.44543379
7046,7.52,24.48,2,441,99,6.37,11.45,6.32,6.12,7,5,10.44817352
7046,7.14,19.98,3,441,100,6.23,8.08,5.63,5.88,7,5,10.45091324
7046,3.97,11.33,1,191,101,6.07,7.36,6.07,6.19,7,5,10.45365297
7046,7.4,24.62,2,485,102,6,6.99,6.3,6.15,7,5,10.45639269
7046,3.93,18.98,1,194,103,6.78,7.31,6.99,6.42,7,5,10.45913242
7046,3.96,18.02,1,229,104,6.28,6.77,6.48,6.14,7,6,10.46187215
7046,7.88,24.94,2,631,105,6.26,10.85,6.32,6.28,7,6,10.46461187
7046,3.96,18.01,1,152,106,6.72,9.55,6.57,6.71,7,6,10.4673516
7046,10.58,28.2,3,599,107,6.28,8.1,6.54,6.19,7,6,10.47009132
7046,1.57,13.69,1,234,108,6.55,7.2,6.54,6.35,7,6,10.47283105
7046,6.1,19.3,3,680,109,6.47,6.78,6.1,6.77,7,6,10.47557078
7046,7.63,17.78,2,378,110,6.7,7.98,6.32,6.68,7,6,10.4783105
7046,4.06,9.03,2,173,111,5.73,7.47,6.39,5.91,7,6,10.48105023
7046,3.93,11.79,1,218,112,6.52,7.26,6.38,6.45,7,6,10.48378995
7046,7.92,19.64,2,387,113,6.42,7.81,5.88,5.99,7,6,10.48652968
7046,6.88,17.18,2,448,114,6.15,7.64,5.8,7.36,7,6,10.48926941
7046,3.97,13.16,1,131,115,6.8,6.91,6.3,6.18,7,6,10.49200913
7046,7.29,19.39,2,343,116,6.36,8.15,6.53,6.26,7,6,10.49474886
7046,3.94,17.63,1,204,118,6.39,13.24,6.08,6.43,7,6,10.50022831
7046,3.97,12,1,587,119,6.93,10.52,6.52,6.61,7,6,10.50296804
7046,3.96,7.34,1,1287,120,6.51,0,0,6.18,7,6,10.50570776
7046,4.27,12.85,2,145,121,7.11,7.02,6.71,7.85,7,6,10.50844749
7046,7.71,19.84,2,348,122,7.08,7.31,7.02,6.88,7,6,10.51118721
7046,4.94,21.38,2,352,123,7.47,11.82,7.05,6.73,7,6,10.51392694
7046,6.84,10.07,2,316,124,6.64,0,6.78,0,7,6,10.51666667
7046,7.86,19.46,3,369,125,6.71,9.89,6.48,6.61,7,6,10.51940639
7046,4.4,12.95,2,610,126,0,0,6.03,6.61,7,6,10.52214612
7046,7.86,20.4,2,447,127,6.34,6.86,6.2,6.09,7,6,10.52488584
7046,3.93,12.59,1,155,128,6.53,6.78,5.73,6.34,7,6,10.52762557
7046,3.93,15.87,1,205,129,7.08,13.6,6.38,6.11,7,6,10.5303653
7046,4.59,9.69,1,197,130,5.85,7.07,5.9,5.53,7,6,10.53310502
7046,8.18,14.42,3,363,131,6.61,9.24,6.5,6.73,7,6,10.53584475
7046,7.57,18.43,2,424,132,6.47,8.24,6.7,6.39,7,6,10.53858447
7046,7.5,17.71,3,431,133,6.34,6.91,6.36,6.19,7,6,10.5413242
7046,5.62,20.01,3,461,134,6.28,7.64,5.99,6.28,7,7,10.54406393
7046,5.47,18.38,3,545,135,6.42,6.31,6,5.96,7,7,10.54680365
7046,5.62,19.44,2,436,136,6.13,6.55,5.73,6.23,7,7,10.54954338
7046,6.51,22.46,2,386,137,6.53,6.55,6.22,6.23,7,7,10.55228311
7046,2.95,9.77,1,201,138,5.1,5.9,5.53,5.98,7,7,10.55502283
